-- phpMyAdmin SQL Dump
-- version 5.2.1
-- https://www.phpmyadmin.net/
--
-- Host: 127.0.0.1
-- Generation Time: Apr 07, 2025 at 04:02 AM
-- Server version: 10.4.32-MariaDB
-- PHP Version: 8.2.12

SET SQL_MODE = "NO_AUTO_VALUE_ON_ZERO";
START TRANSACTION;
SET time_zone = "+00:00";


/*!40101 SET @OLD_CHARACTER_SET_CLIENT=@@CHARACTER_SET_CLIENT */;
/*!40101 SET @OLD_CHARACTER_SET_RESULTS=@@CHARACTER_SET_RESULTS */;
/*!40101 SET @OLD_COLLATION_CONNECTION=@@COLLATION_CONNECTION */;
/*!40101 SET NAMES utf8mb4 */;

--
-- Database: `vc1_database_pos`
--

-- --------------------------------------------------------

--
-- Table structure for table `categories`
--

CREATE TABLE `categories` (
  `category_id` int(11) NOT NULL,
  `category_name` varchar(255) NOT NULL,
  `parent_category_id` int(11) DEFAULT NULL,
  `created_at` timestamp NOT NULL DEFAULT current_timestamp(),
  `updated_at` timestamp NOT NULL DEFAULT current_timestamp() ON UPDATE current_timestamp()
) ENGINE=InnoDB DEFAULT CHARSET=utf8mb4 COLLATE=utf8mb4_general_ci;

--
-- Dumping data for table `categories`
--

INSERT INTO `categories` (`category_id`, `category_name`, `parent_category_id`, `created_at`, `updated_at`) VALUES
(9, 'Drinks', NULL, '2025-03-08 17:15:30', '2025-03-08 17:15:30'),
(10, 'Noodle', NULL, '2025-03-08 17:15:30', '2025-03-08 17:15:30'),
(11, 'Pizza', NULL, '2025-03-08 17:15:30', '2025-03-08 17:15:30'),
(14, 'IceDessert', NULL, '2025-03-15 17:04:51', '2025-03-15 17:05:41');

-- --------------------------------------------------------

--
-- Table structure for table `customeraddresses`
--

CREATE TABLE `customeraddresses` (
  `address_id` int(11) NOT NULL,
  `customer_id` int(11) NOT NULL,
  `street` varchar(100) DEFAULT NULL,
  `city` varchar(100) DEFAULT NULL,
  `state` varchar(50) DEFAULT NULL,
  `zip_code` varchar(20) DEFAULT NULL,
  `created_at` timestamp NOT NULL DEFAULT current_timestamp(),
  `updated_at` timestamp NOT NULL DEFAULT current_timestamp() ON UPDATE current_timestamp()
) ENGINE=InnoDB DEFAULT CHARSET=utf8mb4 COLLATE=utf8mb4_general_ci;

-- --------------------------------------------------------

--
-- Table structure for table `customertransactions`
--

CREATE TABLE `customertransactions` (
  `transaction_id` int(11) NOT NULL,
  `customer_id` int(11) NOT NULL,
  `transaction_type` varchar(50) DEFAULT NULL,
  `amount` decimal(10,2) DEFAULT NULL,
  `transaction_date` datetime DEFAULT current_timestamp(),
  `description` text DEFAULT NULL
) ENGINE=InnoDB DEFAULT CHARSET=utf8mb4 COLLATE=utf8mb4_general_ci;

-- --------------------------------------------------------

--
-- Table structure for table `deliveries`
--

CREATE TABLE `deliveries` (
  `delivery_id` int(11) NOT NULL,
  `employee_id` int(11) NOT NULL,
  `phone` varchar(15) NOT NULL
) ENGINE=InnoDB DEFAULT CHARSET=utf8mb4 COLLATE=utf8mb4_general_ci;

-- --------------------------------------------------------

--
-- Table structure for table `employees`
--

CREATE TABLE `employees` (
  `employee_id` int(11) NOT NULL,
  `employee_name` varchar(100) NOT NULL,
  `role_id` int(11) NOT NULL,
  `email` varchar(100) NOT NULL
) ENGINE=InnoDB DEFAULT CHARSET=utf8mb4 COLLATE=utf8mb4_general_ci;

--
-- Dumping data for table `employees`
--

INSERT INTO `employees` (`employee_id`, `employee_name`, `role_id`, `email`) VALUES
(1, 'John Doe', 1, 'john.doe@example.com'),
(2, 'Jane Smith', 1, 'jane.smith@example.com');

-- --------------------------------------------------------

--
-- Table structure for table `inventory`
--

CREATE TABLE `inventory` (
  `inventory_id` int(11) NOT NULL,
  `product_id` int(11) NOT NULL,
  `quantity` int(11) NOT NULL DEFAULT 0,
  `reorder_level` int(11) NOT NULL DEFAULT 0,
  `stock_location` varchar(100) DEFAULT NULL,
  `last_updated` timestamp NOT NULL DEFAULT current_timestamp() ON UPDATE current_timestamp()
) ENGINE=InnoDB DEFAULT CHARSET=utf8mb4 COLLATE=utf8mb4_general_ci;

-- --------------------------------------------------------

--
-- Table structure for table `inventorysuppliers`
--

CREATE TABLE `inventorysuppliers` (
  `supplier_id` int(11) NOT NULL,
  `supplier_name` varchar(100) NOT NULL,
  `contact_info` varchar(150) DEFAULT NULL,
  `created_at` timestamp NOT NULL DEFAULT current_timestamp()
) ENGINE=InnoDB DEFAULT CHARSET=utf8mb4 COLLATE=utf8mb4_general_ci;

-- --------------------------------------------------------

--
-- Table structure for table `inventorytransactions`
--

CREATE TABLE `inventorytransactions` (
  `transaction_id` int(11) NOT NULL,
  `inventory_id` int(11) NOT NULL,
  `transaction_type` varchar(50) NOT NULL,
  `quantity` int(11) NOT NULL,
  `transaction_date` datetime DEFAULT current_timestamp(),
  `description` text DEFAULT NULL
) ENGINE=InnoDB DEFAULT CHARSET=utf8mb4 COLLATE=utf8mb4_general_ci;

-- --------------------------------------------------------

--
-- Table structure for table `money_history`
--

CREATE TABLE `money_history` (
  `id` int(11) NOT NULL,
  `total_money` decimal(10,2) NOT NULL,
  `updated_at` timestamp NOT NULL DEFAULT current_timestamp()
) ENGINE=InnoDB DEFAULT CHARSET=utf8mb4 COLLATE=utf8mb4_general_ci;

--
-- Dumping data for table `money_history`
--

INSERT INTO `money_history` (`id`, `total_money`, `updated_at`) VALUES
(51, 12.50, '2025-03-22 03:44:12'),
(52, 12.50, '2025-03-22 03:44:14'),
(53, 12.50, '2025-03-22 03:44:16'),
(54, 12.50, '2025-03-22 03:45:08'),
(55, 12.50, '2025-03-22 03:45:19'),
(56, 12.50, '2025-03-22 03:49:44'),
(57, 12.50, '2025-03-22 03:49:46'),
(58, 12.50, '2025-03-22 03:49:55'),
(59, 12.50, '2025-03-22 03:49:58'),
(60, 12.50, '2025-03-22 03:50:02'),
(61, 12.50, '2025-03-22 03:51:31'),
(62, 12.50, '2025-03-22 04:00:24'),
(63, 12.50, '2025-03-22 04:00:56'),
(64, 12.50, '2025-03-22 04:01:19'),
(65, 12.50, '2025-03-22 04:07:29'),
(66, 12.50, '2025-03-22 04:09:26'),
(67, 12.50, '2025-03-22 04:09:30'),
(68, 12.50, '2025-03-22 04:14:01'),
(69, 12.50, '2025-03-22 04:19:48'),
(70, 12.50, '2025-03-22 04:19:51'),
(71, 12.50, '2025-03-22 04:32:28'),
(72, 12.50, '2025-03-22 05:25:20'),
(73, 12.50, '2025-03-22 05:25:23'),
(74, 12.50, '2025-03-22 05:51:04'),
(75, 12.50, '2025-03-22 05:56:28'),
(76, 12.50, '2025-03-22 05:56:33'),
(77, 16.00, '2025-03-22 05:59:01'),
(78, 16.00, '2025-03-22 05:59:09'),
(79, 16.00, '2025-03-22 06:05:19'),
(80, 16.00, '2025-03-22 06:15:04'),
(81, 102.50, '2025-03-22 06:24:09'),
(82, 102.50, '2025-03-22 06:30:19'),
(83, 102.50, '2025-03-22 06:38:46'),
(84, 102.50, '2025-03-22 06:43:30'),
(85, 102.50, '2025-03-22 06:43:36'),
(86, 102.50, '2025-03-22 06:43:39'),
(87, 102.50, '2025-03-22 06:44:06'),
(88, 102.50, '2025-03-22 06:44:09'),
(89, 102.50, '2025-03-22 06:44:14'),
(90, 102.50, '2025-03-22 06:44:48'),
(91, 102.50, '2025-03-22 06:44:51'),
(92, 102.50, '2025-03-22 06:45:12'),
(93, 102.50, '2025-03-22 06:46:09'),
(94, 102.50, '2025-03-22 08:17:02'),
(95, 102.50, '2025-03-22 08:17:16'),
(96, 102.50, '2025-03-22 08:17:20'),
(97, 102.50, '2025-03-22 08:17:24'),
(98, 102.50, '2025-03-22 08:18:03'),
(99, 12.50, '2025-03-22 11:21:02'),
(100, 12.50, '2025-03-22 11:21:57'),
(101, 12.50, '2025-03-22 11:28:31'),
(102, 12.50, '2025-03-22 11:30:31'),
(103, 12.50, '2025-03-22 11:32:01'),
(104, 12.50, '2025-03-22 11:32:07'),
(105, 12.50, '2025-03-22 11:32:11'),
(106, 12.50, '2025-03-22 11:32:16'),
(107, 12.50, '2025-03-22 11:32:26'),
(108, 12.50, '2025-03-22 11:32:27'),
(109, 12.50, '2025-03-22 12:20:27'),
(110, 12.50, '2025-03-22 12:20:29'),
(111, 12.50, '2025-03-22 12:41:42'),
(112, 12.50, '2025-03-22 12:41:47'),
(113, 12.50, '2025-03-22 12:41:55'),
(114, 12.50, '2025-03-22 12:42:09'),
(115, 12.50, '2025-03-22 12:50:13'),
(116, 12.50, '2025-03-22 12:50:17'),
(117, 12.50, '2025-03-22 13:40:59'),
(118, 12.50, '2025-03-22 13:44:38'),
(119, 12.50, '2025-03-22 13:44:41'),
(120, 7.50, '2025-03-22 13:46:26'),
(121, 7.50, '2025-03-23 07:18:30'),
(122, 7.50, '2025-03-23 07:18:33'),
(123, 7.50, '2025-03-23 07:18:37'),
(124, 7.50, '2025-03-23 07:51:38'),
(125, 7.50, '2025-03-23 07:51:40'),
(126, 15.77, '2025-03-23 08:50:39'),
(127, 15.77, '2025-03-23 08:50:46'),
(128, 15.77, '2025-03-23 08:51:22'),
(129, 71.73, '2025-03-23 08:56:23'),
(130, 71.73, '2025-03-23 08:56:52'),
(131, 71.73, '2025-03-23 09:03:13'),
(132, 71.73, '2025-03-23 09:10:23'),
(133, 71.73, '2025-03-23 09:15:25'),
(134, 71.73, '2025-03-23 09:18:43'),
(135, 157.98, '2025-03-23 09:24:06'),
(136, 139.73, '2025-03-23 09:25:30'),
(137, 139.73, '2025-03-23 09:25:45'),
(138, 139.73, '2025-03-23 09:27:24'),
(139, 139.73, '2025-03-23 09:33:02'),
(140, 139.73, '2025-03-23 09:34:44'),
(141, 139.73, '2025-03-23 09:36:21'),
(142, 139.73, '2025-03-23 09:50:55'),
(143, 139.73, '2025-03-23 09:50:59'),
(144, 139.73, '2025-03-23 09:51:04'),
(145, 139.73, '2025-03-23 09:51:13'),
(146, 139.73, '2025-03-23 09:51:42'),
(147, 139.73, '2025-03-23 09:52:02'),
(148, 140.48, '2025-03-23 10:29:42'),
(149, 140.48, '2025-03-23 14:43:16'),
(150, 140.48, '2025-03-23 14:50:22'),
(151, 140.48, '2025-03-23 14:54:45'),
(152, 140.48, '2025-03-23 14:55:45'),
(153, 140.48, '2025-03-23 14:56:40'),
(154, 140.48, '2025-03-23 14:57:25'),
(155, 140.48, '2025-03-23 14:57:37'),
(156, 140.48, '2025-03-23 14:58:09'),
(157, 140.48, '2025-03-23 14:58:25'),
(158, 140.48, '2025-03-23 15:00:43'),
(159, 140.48, '2025-03-23 15:06:08'),
(160, 132.98, '2025-03-23 15:07:46'),
(161, 132.98, '2025-03-23 16:24:35'),
(162, 132.98, '2025-03-23 16:25:14'),
(163, 132.98, '2025-03-23 16:25:16'),
(164, 132.98, '2025-03-23 16:27:27'),
(165, 132.98, '2025-03-23 16:27:31'),
(166, 132.98, '2025-03-23 16:27:50'),
(167, 132.98, '2025-03-23 16:30:09'),
(168, 132.98, '2025-03-23 16:30:51'),
(169, 132.98, '2025-03-23 16:31:57'),
(170, 132.98, '2025-03-23 16:33:34'),
(171, 132.98, '2025-03-24 00:40:56'),
(172, 132.98, '2025-03-24 00:41:17'),
(173, 132.98, '2025-03-24 00:41:23'),
(174, 132.98, '2025-03-24 00:44:53'),
(175, 132.98, '2025-03-24 00:48:42'),
(176, 132.98, '2025-03-24 00:51:00'),
(177, 132.98, '2025-03-24 01:21:36'),
(178, 132.98, '2025-03-24 02:37:13'),
(179, 132.98, '2025-03-24 03:31:50'),
(180, 132.98, '2025-03-24 03:31:55'),
(181, 132.98, '2025-03-24 04:11:31'),
(182, 132.98, '2025-03-24 04:19:38'),
(183, 132.98, '2025-03-24 05:43:07'),
(184, 132.98, '2025-03-24 05:44:35'),
(185, 132.98, '2025-03-24 05:51:28'),
(186, 132.98, '2025-03-24 05:52:33'),
(187, 132.98, '2025-03-24 05:53:37'),
(188, 132.98, '2025-03-24 05:53:48'),
(189, 132.98, '2025-03-24 09:19:02'),
(190, 132.98, '2025-03-24 10:54:30'),
(191, 132.98, '2025-03-24 10:54:33'),
(192, 132.98, '2025-03-24 10:56:00'),
(193, 132.98, '2025-03-24 11:03:17'),
(194, 132.98, '2025-03-24 11:04:12'),
(195, 132.98, '2025-03-24 11:04:13'),
(196, 132.98, '2025-03-24 11:04:24'),
(197, 132.98, '2025-03-24 11:04:27'),
(198, 132.98, '2025-03-24 11:04:30'),
(199, 132.98, '2025-03-24 11:04:34'),
(200, 132.98, '2025-03-24 11:04:34'),
(201, 132.98, '2025-03-24 11:04:37'),
(202, 132.98, '2025-03-24 11:04:44'),
(203, 132.98, '2025-03-25 06:03:27'),
(204, 132.98, '2025-03-25 06:03:30'),
(205, 132.98, '2025-03-25 06:23:22'),
(206, 132.98, '2025-03-25 06:36:03'),
(207, 132.98, '2025-03-25 06:38:12'),
(208, 132.98, '2025-03-25 06:38:14'),
(209, 132.98, '2025-03-25 06:38:20'),
(210, 132.98, '2025-03-25 06:38:20'),
(211, 132.98, '2025-03-25 06:38:23'),
(212, 132.98, '2025-03-25 06:38:23'),
(213, 132.98, '2025-03-25 06:38:24'),
(214, 132.98, '2025-03-25 06:38:25'),
(215, 132.98, '2025-03-25 06:38:25'),
(216, 132.98, '2025-03-25 06:40:18'),
(217, 132.98, '2025-03-25 06:40:31'),
(218, 132.98, '2025-03-25 06:40:32'),
(219, 132.98, '2025-03-25 06:40:54'),
(220, 132.98, '2025-03-25 06:40:57'),
(221, 132.98, '2025-03-25 06:41:02'),
(222, 132.98, '2025-03-25 06:41:11'),
(223, 132.98, '2025-03-25 06:49:14'),
(224, 132.98, '2025-03-25 06:49:18'),
(225, 132.98, '2025-03-25 06:50:19'),
(226, 132.98, '2025-03-25 06:50:41'),
(227, 132.98, '2025-03-25 06:50:46'),
(228, 132.98, '2025-03-25 07:14:23'),
(229, 132.98, '2025-03-25 07:14:25'),
(230, 132.98, '2025-03-25 10:27:33'),
(231, 132.98, '2025-03-25 10:54:49'),
(232, 132.98, '2025-03-25 10:55:36'),
(233, 132.98, '2025-03-25 10:55:39'),
(234, 132.98, '2025-03-25 10:56:54'),
(235, 132.98, '2025-03-25 10:56:57'),
(236, 132.98, '2025-03-25 10:57:11'),
(237, 132.98, '2025-03-25 12:15:45'),
(238, 132.98, '2025-03-25 12:15:58'),
(239, 132.98, '2025-03-25 12:16:02'),
(240, 132.98, '2025-03-25 12:56:45'),
(241, 132.98, '2025-03-25 13:41:15'),
(242, 107.25, '2025-03-25 15:28:37'),
(243, 107.25, '2025-03-25 15:29:50'),
(244, 107.25, '2025-03-25 15:31:54'),
(245, 107.25, '2025-03-25 15:51:25'),
(246, 107.25, '2025-03-25 15:52:54'),
(247, 107.25, '2025-03-25 15:55:08'),
(248, 107.25, '2025-03-25 16:29:03'),
(249, 107.25, '2025-03-25 16:30:50'),
(250, 107.25, '2025-03-26 11:46:05'),
(251, 107.25, '2025-03-26 11:46:24'),
(252, 107.25, '2025-03-26 11:46:26'),
(253, 107.25, '2025-03-26 11:46:29'),
(254, 107.25, '2025-03-26 12:30:22'),
(255, 107.25, '2025-03-26 12:30:25'),
(256, 107.25, '2025-03-26 12:34:37'),
(257, 107.25, '2025-03-26 13:22:08'),
(258, 108.45, '2025-03-26 15:58:49'),
(259, 98.45, '2025-03-26 16:08:22'),
(260, 66.85, '2025-03-26 16:19:22'),
(261, 71.85, '2025-03-26 16:35:58'),
(262, 76.85, '2025-03-27 15:03:17'),
(263, 69.85, '2025-03-27 16:26:51'),
(264, 69.85, '2025-03-28 11:59:15'),
(265, 64.85, '2025-03-28 12:10:41'),
(266, 64.85, '2025-03-28 12:12:50'),
(267, 64.85, '2025-03-28 12:12:51'),
(268, 64.85, '2025-03-28 12:14:47'),
(269, 64.85, '2025-03-28 12:15:04'),
(270, 64.85, '2025-03-28 12:15:12'),
(271, 64.85, '2025-03-28 12:15:15'),
(272, 64.85, '2025-03-28 12:15:15'),
(273, 64.85, '2025-03-28 12:15:20'),
(274, 64.85, '2025-03-28 12:15:25'),
(275, 64.85, '2025-03-28 12:17:35'),
(276, 64.85, '2025-03-28 12:17:37'),
(277, 64.85, '2025-03-28 12:17:38'),
(278, 64.85, '2025-03-28 12:18:04'),
(279, 64.85, '2025-03-28 12:18:08'),
(280, 64.85, '2025-03-28 12:21:50'),
(281, 64.85, '2025-03-28 12:23:55'),
(282, 64.85, '2025-03-28 12:37:52'),
(283, 57.35, '2025-03-28 13:41:33'),
(284, 52.35, '2025-03-28 13:46:35'),
(285, 55.35, '2025-03-28 13:47:25'),
(286, 55.35, '2025-03-28 13:50:53'),
(287, 49.95, '2025-03-28 13:56:54'),
(288, 49.95, '2025-03-28 15:54:40'),
(289, 49.95, '2025-03-28 16:14:37'),
(290, 49.95, '2025-03-28 16:15:22'),
(291, 49.95, '2025-03-28 16:16:45'),
(292, 49.95, '2025-03-28 16:18:02'),
(293, 49.95, '2025-03-28 16:18:10'),
(294, 49.95, '2025-03-28 16:18:45'),
(295, 49.95, '2025-03-28 16:20:25'),
(296, 49.95, '2025-03-28 16:23:40'),
(297, 49.95, '2025-03-28 16:23:40'),
(298, 49.95, '2025-03-28 16:23:40'),
(299, 49.95, '2025-03-28 16:25:39'),
(300, 49.95, '2025-03-28 16:25:40'),
(301, 49.95, '2025-03-28 16:25:59'),
(302, 49.95, '2025-03-28 16:26:35'),
(303, 49.95, '2025-03-28 16:27:44'),
(304, 49.95, '2025-03-28 16:27:45'),
(305, 49.95, '2025-03-28 16:27:45'),
(306, 49.95, '2025-03-28 16:29:37'),
(307, 49.95, '2025-03-28 16:29:41'),
(308, 49.95, '2025-03-28 16:31:50'),
(309, 49.95, '2025-03-28 16:32:07'),
(310, 49.95, '2025-03-28 16:32:55'),
(311, 49.95, '2025-03-28 16:33:39'),
(312, 49.95, '2025-03-28 16:47:22'),
(313, 49.95, '2025-03-28 16:48:07'),
(314, 49.95, '2025-03-28 16:50:23'),
(315, 49.95, '2025-03-28 16:50:23'),
(316, 49.95, '2025-03-28 16:51:04'),
(317, 49.95, '2025-03-28 16:51:05'),
(318, 49.95, '2025-03-28 16:52:14'),
(319, 49.95, '2025-03-28 16:52:36'),
(320, 49.95, '2025-03-28 16:52:45'),
(321, 49.95, '2025-03-28 16:55:18'),
(322, 49.95, '2025-03-28 16:58:01'),
(323, 49.95, '2025-03-28 16:58:54'),
(324, 49.95, '2025-03-28 16:59:44'),
(325, 49.95, '2025-03-28 17:00:50'),
(326, 49.95, '2025-03-28 17:01:26'),
(327, 49.95, '2025-03-28 17:01:38'),
(328, 49.95, '2025-03-28 17:02:17'),
(329, 49.95, '2025-03-28 17:02:20'),
(330, 49.95, '2025-03-28 17:02:32'),
(331, 49.95, '2025-03-28 17:03:50'),
(332, 49.95, '2025-03-28 17:04:28'),
(333, 49.95, '2025-03-28 17:05:43'),
(334, 49.95, '2025-03-28 17:06:46'),
(335, 49.95, '2025-03-28 17:07:27'),
(336, 49.95, '2025-03-28 17:08:49'),
(337, 49.95, '2025-03-28 17:09:01'),
(338, 49.95, '2025-03-28 17:11:45'),
(339, 36.00, '2025-03-28 17:11:45'),
(340, 49.95, '2025-03-28 17:12:41'),
(341, 36.00, '2025-03-28 17:12:41'),
(342, 49.95, '2025-03-28 17:12:43'),
(343, 36.00, '2025-03-28 17:12:43'),
(344, 49.95, '2025-03-28 17:12:59'),
(345, 36.00, '2025-03-28 17:12:59'),
(346, 49.95, '2025-03-28 17:13:20'),
(347, 36.00, '2025-03-28 17:13:20'),
(348, 49.95, '2025-03-28 17:13:45'),
(349, 36.00, '2025-03-28 17:13:45'),
(350, 49.95, '2025-03-28 17:14:01'),
(351, 36.00, '2025-03-28 17:14:01'),
(352, 49.95, '2025-03-28 17:15:44'),
(353, 36.00, '2025-03-28 17:15:44'),
(354, 49.95, '2025-03-28 17:16:21'),
(355, 36.00, '2025-03-28 17:16:21'),
(356, 49.95, '2025-03-28 17:16:31'),
(357, 36.00, '2025-03-28 17:16:31'),
(358, 49.95, '2025-03-28 17:16:42'),
(359, 36.00, '2025-03-28 17:16:42'),
(360, 49.95, '2025-03-28 17:18:06'),
(361, 36.00, '2025-03-28 17:18:06'),
(362, 49.95, '2025-03-28 17:18:08'),
(363, 36.00, '2025-03-28 17:18:08'),
(364, 49.95, '2025-03-28 17:18:26'),
(365, 36.00, '2025-03-28 17:18:26'),
(366, 49.95, '2025-03-28 17:19:01'),
(367, 36.00, '2025-03-28 17:19:01'),
(368, 49.95, '2025-03-28 17:19:16'),
(369, 36.00, '2025-03-28 17:19:16'),
(370, 49.95, '2025-03-28 17:19:50'),
(371, 36.00, '2025-03-28 17:19:50'),
(372, 49.95, '2025-03-28 17:20:02'),
(373, 36.00, '2025-03-28 17:20:02'),
(374, 49.95, '2025-03-29 02:11:56'),
(375, 36.00, '2025-03-29 02:11:56'),
(376, 49.95, '2025-03-29 02:12:14'),
(377, 36.00, '2025-03-29 02:12:14'),
(378, 49.95, '2025-03-29 03:03:42'),
(379, 36.00, '2025-03-29 03:03:42'),
(380, 49.95, '2025-03-29 03:03:45'),
(381, 36.00, '2025-03-29 03:03:45'),
(382, 49.95, '2025-03-29 03:03:53'),
(383, 36.00, '2025-03-29 03:03:53'),
(384, 49.95, '2025-03-29 03:05:14'),
(385, 36.00, '2025-03-29 03:05:14'),
(386, 49.95, '2025-03-29 03:10:59'),
(387, 49.95, '2025-03-29 03:11:38'),
(388, 49.95, '2025-03-29 03:14:38'),
(389, 49.95, '2025-03-29 03:14:39'),
(390, 49.95, '2025-03-29 03:14:39'),
(391, 49.95, '2025-03-29 03:17:00'),
(392, 49.95, '2025-03-29 03:17:01'),
(393, 49.95, '2025-03-29 03:17:24'),
(394, 49.95, '2025-03-29 03:17:24'),
(395, 49.95, '2025-03-29 03:17:35'),
(396, 49.95, '2025-03-29 03:17:35'),
(397, 49.95, '2025-03-29 03:17:43'),
(398, 36.00, '2025-03-29 03:17:43'),
(399, 49.95, '2025-03-29 03:19:04'),
(400, 36.00, '2025-03-29 03:19:04'),
(401, 49.95, '2025-03-29 03:19:06'),
(402, 36.00, '2025-03-29 03:19:06'),
(403, 49.95, '2025-03-29 03:20:29'),
(404, 36.00, '2025-03-29 03:20:29'),
(405, 49.95, '2025-03-29 03:21:03'),
(406, 36.00, '2025-03-29 03:21:03'),
(407, 49.95, '2025-03-29 03:21:17'),
(408, 36.00, '2025-03-29 03:21:17'),
(409, 49.95, '2025-03-29 03:29:58'),
(410, 36.00, '2025-03-29 03:29:58'),
(411, 49.95, '2025-03-29 03:31:57'),
(412, 36.00, '2025-03-29 03:31:57'),
(413, 49.95, '2025-03-29 03:32:50'),
(414, 36.00, '2025-03-29 03:32:50'),
(415, 49.95, '2025-03-29 03:33:54'),
(416, 36.00, '2025-03-29 03:33:54'),
(417, 49.95, '2025-03-29 03:34:06'),
(418, 36.00, '2025-03-29 03:34:06'),
(419, 49.95, '2025-03-29 03:34:22'),
(420, 36.00, '2025-03-29 03:34:22'),
(421, 49.15, '2025-03-29 03:35:02'),
(422, 36.00, '2025-03-29 03:35:02'),
(423, 49.15, '2025-03-29 03:36:21'),
(424, 36.00, '2025-03-29 03:36:21'),
(425, 49.15, '2025-03-29 03:36:41'),
(426, 36.00, '2025-03-29 03:36:41'),
(427, 49.15, '2025-03-29 03:37:02'),
(428, 36.00, '2025-03-29 03:37:02'),
(429, 49.15, '2025-03-29 03:37:10'),
(430, 36.00, '2025-03-29 03:37:10'),
(431, 49.15, '2025-03-29 03:38:02'),
(432, 36.00, '2025-03-29 03:38:02'),
(433, 49.15, '2025-03-29 03:38:26'),
(434, 36.00, '2025-03-29 03:38:26'),
(435, 49.15, '2025-03-29 03:40:48'),
(436, 36.00, '2025-03-29 03:40:48'),
(437, 49.15, '2025-03-29 03:42:17'),
(438, 36.00, '2025-03-29 03:42:17'),
(439, 49.15, '2025-03-29 03:42:18'),
(440, 36.00, '2025-03-29 03:42:18'),
(441, 49.15, '2025-03-29 03:42:33'),
(442, 36.00, '2025-03-29 03:42:33'),
(443, 49.15, '2025-03-29 03:43:05'),
(444, 36.00, '2025-03-29 03:43:05'),
(445, 48.35, '2025-03-29 03:43:30'),
(446, 36.00, '2025-03-29 03:43:30'),
(447, 48.35, '2025-03-29 03:43:35'),
(448, 36.00, '2025-03-29 03:43:35'),
(449, 48.35, '2025-03-29 03:51:49'),
(450, 36.00, '2025-03-29 03:51:49'),
(451, 48.35, '2025-03-29 03:53:00'),
(452, 36.00, '2025-03-29 03:53:00'),
(453, 48.35, '2025-03-29 03:53:00'),
(454, 36.00, '2025-03-29 03:53:00'),
(455, 48.35, '2025-03-29 03:53:00'),
(456, 36.00, '2025-03-29 03:53:00'),
(457, 48.35, '2025-03-29 03:53:22'),
(458, 36.00, '2025-03-29 03:53:22'),
(459, 48.35, '2025-03-29 03:53:22'),
(460, 36.00, '2025-03-29 03:53:22'),
(461, 48.35, '2025-03-29 03:53:23'),
(462, 36.00, '2025-03-29 03:53:23'),
(463, 48.35, '2025-03-29 03:54:25'),
(464, 36.00, '2025-03-29 03:54:25'),
(465, 48.35, '2025-03-29 03:54:26'),
(466, 36.00, '2025-03-29 03:54:26'),
(467, 48.35, '2025-03-29 04:02:01'),
(468, 36.00, '2025-03-29 04:02:01'),
(469, 48.35, '2025-03-29 04:02:01'),
(470, 36.00, '2025-03-29 04:02:01'),
(471, 48.35, '2025-03-29 04:02:41'),
(472, 36.00, '2025-03-29 04:02:41'),
(473, 48.35, '2025-03-29 04:02:41'),
(474, 36.00, '2025-03-29 04:02:41'),
(475, 48.35, '2025-03-29 04:03:51'),
(476, 36.00, '2025-03-29 04:03:51'),
(477, 48.35, '2025-03-29 04:05:44'),
(478, 36.00, '2025-03-29 04:05:44'),
(479, 48.35, '2025-03-29 04:06:40'),
(480, 36.00, '2025-03-29 04:06:40'),
(481, 48.35, '2025-03-29 04:08:33'),
(482, 36.00, '2025-03-29 04:08:33'),
(483, 48.35, '2025-03-29 04:11:19'),
(484, 36.00, '2025-03-29 04:11:19'),
(485, 48.35, '2025-03-29 04:13:22'),
(486, 36.00, '2025-03-29 04:13:22'),
(487, 48.35, '2025-03-29 04:15:19'),
(488, 36.00, '2025-03-29 04:15:19'),
(489, 48.35, '2025-03-29 04:15:33'),
(490, 36.00, '2025-03-29 04:15:33'),
(491, 48.35, '2025-03-29 04:15:40'),
(492, 36.00, '2025-03-29 04:15:40'),
(493, 48.35, '2025-03-29 04:15:48'),
(494, 36.00, '2025-03-29 04:15:48'),
(495, 48.35, '2025-03-29 04:17:15'),
(496, 36.00, '2025-03-29 04:17:15'),
(497, 48.35, '2025-03-29 04:17:40'),
(498, 36.00, '2025-03-29 04:17:40'),
(499, 48.35, '2025-03-29 04:17:57'),
(500, 36.00, '2025-03-29 04:17:57'),
(501, 48.35, '2025-03-29 04:18:16'),
(502, 36.00, '2025-03-29 04:18:16'),
(503, 48.35, '2025-03-29 04:33:24'),
(504, 36.00, '2025-03-29 04:33:24'),
(505, 48.35, '2025-03-29 04:33:32'),
(506, 36.00, '2025-03-29 04:33:32'),
(507, 48.35, '2025-03-29 04:33:36'),
(508, 36.00, '2025-03-29 04:33:36'),
(509, 48.35, '2025-03-29 04:34:22'),
(510, 36.00, '2025-03-29 04:34:22'),
(511, 48.35, '2025-03-29 04:35:20'),
(512, 36.00, '2025-03-29 04:35:20'),
(513, 48.35, '2025-03-29 04:35:49'),
(514, 36.00, '2025-03-29 04:35:49'),
(515, 48.35, '2025-03-29 04:36:45'),
(516, 36.00, '2025-03-29 04:36:45'),
(517, 48.35, '2025-03-29 04:37:03'),
(518, 36.00, '2025-03-29 04:37:03'),
(519, 48.35, '2025-03-29 04:37:12'),
(520, 36.00, '2025-03-29 04:37:12'),
(521, 48.35, '2025-03-29 04:37:50'),
(522, 36.00, '2025-03-29 04:37:50'),
(523, 48.35, '2025-03-29 04:40:56'),
(524, 36.00, '2025-03-29 04:40:56'),
(525, 48.35, '2025-03-29 04:41:35'),
(526, 36.00, '2025-03-29 04:41:35'),
(527, 48.35, '2025-03-29 04:41:46'),
(528, 36.00, '2025-03-29 04:41:46'),
(529, 48.35, '2025-03-29 04:42:39'),
(530, 36.00, '2025-03-29 04:42:39'),
(531, 48.35, '2025-03-29 04:43:32'),
(532, 36.00, '2025-03-29 04:43:32'),
(533, 48.35, '2025-03-29 04:46:58'),
(534, 36.00, '2025-03-29 04:46:58'),
(535, 48.35, '2025-03-29 04:47:12'),
(536, 36.00, '2025-03-29 04:47:12'),
(537, 48.35, '2025-03-29 04:47:14'),
(538, 36.00, '2025-03-29 04:47:14'),
(539, 48.35, '2025-03-29 04:47:23'),
(540, 36.00, '2025-03-29 04:47:23'),
(541, 48.35, '2025-03-29 09:08:45'),
(542, 36.00, '2025-03-29 09:08:45'),
(543, 48.35, '2025-03-29 09:14:50'),
(544, 36.00, '2025-03-29 09:14:50'),
(545, 48.35, '2025-03-29 09:15:21'),
(546, 36.00, '2025-03-29 09:15:21'),
(547, 48.35, '2025-03-29 09:19:56'),
(548, 36.00, '2025-03-29 09:19:56'),
(549, 48.35, '2025-03-29 09:20:42'),
(550, 36.00, '2025-03-29 09:20:42'),
(551, 48.35, '2025-03-29 09:25:51'),
(552, 36.00, '2025-03-29 09:25:51'),
(553, 48.35, '2025-03-29 09:26:33'),
(554, 36.00, '2025-03-29 09:26:33'),
(555, 48.35, '2025-03-29 09:28:36'),
(556, 36.00, '2025-03-29 09:28:36'),
(557, 48.35, '2025-03-29 09:28:44'),
(558, 36.00, '2025-03-29 09:28:44'),
(559, 48.35, '2025-03-29 09:29:20'),
(560, 36.00, '2025-03-29 09:29:20'),
(561, 48.35, '2025-03-29 09:29:28'),
(562, 36.00, '2025-03-29 09:29:28'),
(563, 48.35, '2025-03-29 09:29:52'),
(564, 36.00, '2025-03-29 09:29:52'),
(565, 48.35, '2025-03-29 09:30:05'),
(566, 36.00, '2025-03-29 09:30:05'),
(567, 48.35, '2025-03-29 09:30:22'),
(568, 36.00, '2025-03-29 09:30:22'),
(569, 48.35, '2025-03-29 10:20:42'),
(570, 36.00, '2025-03-29 10:20:42'),
(571, 48.35, '2025-03-29 10:22:15'),
(572, 36.00, '2025-03-29 10:22:15'),
(573, 48.35, '2025-03-29 10:26:18'),
(574, 36.00, '2025-03-29 10:26:18'),
(575, 48.35, '2025-03-29 10:26:36'),
(576, 36.00, '2025-03-29 10:26:36'),
(577, 48.35, '2025-03-29 10:28:02'),
(578, 36.00, '2025-03-29 10:28:02'),
(579, 48.35, '2025-03-29 10:29:37'),
(580, 36.00, '2025-03-29 10:29:37'),
(581, 48.35, '2025-03-29 10:29:45'),
(582, 36.00, '2025-03-29 10:29:45'),
(583, 48.35, '2025-03-29 10:29:47'),
(584, 36.00, '2025-03-29 10:29:47'),
(585, 48.35, '2025-03-29 10:29:53'),
(586, 36.00, '2025-03-29 10:29:53'),
(587, 48.35, '2025-03-29 10:31:47'),
(588, 36.00, '2025-03-29 10:31:47'),
(589, 48.35, '2025-03-29 10:43:03'),
(590, 36.00, '2025-03-29 10:43:03'),
(591, 48.35, '2025-03-29 10:43:15'),
(592, 36.00, '2025-03-29 10:43:15'),
(593, 48.35, '2025-03-29 10:43:51'),
(594, 36.00, '2025-03-29 10:43:51'),
(595, 48.35, '2025-03-29 10:45:03'),
(596, 36.00, '2025-03-29 10:45:03'),
(597, 48.35, '2025-03-29 10:48:12'),
(598, 36.00, '2025-03-29 10:48:12'),
(599, 48.35, '2025-03-29 10:50:00'),
(600, 36.00, '2025-03-29 10:50:00'),
(601, 48.35, '2025-03-29 10:50:09'),
(602, 36.00, '2025-03-29 10:50:09'),
(603, 48.35, '2025-03-29 10:50:21'),
(604, 36.00, '2025-03-29 10:50:21'),
(605, 48.35, '2025-03-29 10:50:52'),
(606, 36.00, '2025-03-29 10:50:52'),
(607, 48.35, '2025-03-29 10:51:20'),
(608, 36.00, '2025-03-29 10:51:20'),
(609, 48.35, '2025-03-29 10:51:21'),
(610, 36.00, '2025-03-29 10:51:21'),
(611, 48.35, '2025-03-29 10:53:16'),
(612, 36.00, '2025-03-29 10:53:16'),
(613, 48.35, '2025-03-29 10:54:10'),
(614, 36.00, '2025-03-29 10:54:10'),
(615, 48.35, '2025-03-29 10:54:57'),
(616, 36.00, '2025-03-29 10:54:57'),
(617, 48.35, '2025-03-29 10:54:59'),
(618, 36.00, '2025-03-29 10:54:59'),
(619, 48.35, '2025-03-29 10:55:11'),
(620, 36.00, '2025-03-29 10:55:11'),
(621, 48.35, '2025-03-29 10:55:35'),
(622, 36.00, '2025-03-29 10:55:35'),
(623, 48.35, '2025-03-29 10:56:01'),
(624, 36.00, '2025-03-29 10:56:01'),
(625, 48.35, '2025-03-29 10:57:33'),
(626, 36.00, '2025-03-29 10:57:33'),
(627, 48.35, '2025-03-29 10:57:47'),
(628, 36.00, '2025-03-29 10:57:47'),
(629, 48.35, '2025-03-29 10:58:01'),
(630, 36.00, '2025-03-29 10:58:01'),
(631, 48.35, '2025-03-29 10:58:19'),
(632, 36.00, '2025-03-29 10:58:19'),
(633, 48.35, '2025-03-29 10:59:12'),
(634, 36.00, '2025-03-29 10:59:12'),
(635, 48.35, '2025-03-29 10:59:33'),
(636, 36.00, '2025-03-29 10:59:33'),
(637, 48.35, '2025-03-29 11:00:35'),
(638, 36.00, '2025-03-29 11:00:35'),
(639, 48.35, '2025-03-29 11:00:44'),
(640, 36.00, '2025-03-29 11:00:44'),
(641, 48.35, '2025-03-29 11:01:11'),
(642, 36.00, '2025-03-29 11:01:11'),
(643, 48.35, '2025-03-29 11:04:04'),
(644, 36.00, '2025-03-29 11:04:04'),
(645, 48.35, '2025-03-29 11:04:05'),
(646, 36.00, '2025-03-29 11:04:05'),
(647, 48.35, '2025-03-29 11:04:19'),
(648, 36.00, '2025-03-29 11:04:19'),
(649, 48.35, '2025-03-29 11:04:34'),
(650, 36.00, '2025-03-29 11:04:34'),
(651, 48.35, '2025-03-29 11:06:38'),
(652, 36.00, '2025-03-29 11:06:38'),
(653, 48.35, '2025-03-29 11:09:04'),
(654, 36.00, '2025-03-29 11:09:04'),
(655, 48.35, '2025-03-29 11:11:25'),
(656, 36.00, '2025-03-29 11:11:25'),
(657, 48.35, '2025-03-29 11:11:44'),
(658, 36.00, '2025-03-29 11:11:44'),
(659, 48.35, '2025-03-29 11:12:08'),
(660, 36.00, '2025-03-29 11:12:08'),
(661, 48.35, '2025-03-29 11:12:26'),
(662, 36.00, '2025-03-29 11:12:26'),
(663, 48.35, '2025-03-29 11:12:47'),
(664, 36.00, '2025-03-29 11:12:47'),
(665, 48.35, '2025-03-29 11:12:57'),
(666, 36.00, '2025-03-29 11:12:57'),
(667, 48.35, '2025-03-29 11:13:24'),
(668, 36.00, '2025-03-29 11:13:24'),
(669, 48.35, '2025-03-29 11:14:29'),
(670, 36.00, '2025-03-29 11:14:29'),
(671, 48.35, '2025-03-29 11:15:13'),
(672, 36.00, '2025-03-29 11:15:13'),
(673, 48.35, '2025-03-29 11:15:40'),
(674, 36.00, '2025-03-29 11:15:40'),
(675, 48.35, '2025-03-29 11:28:24'),
(676, 36.00, '2025-03-29 11:28:24'),
(677, 48.35, '2025-03-29 12:03:02'),
(678, 36.00, '2025-03-29 12:03:02'),
(679, 48.35, '2025-03-29 12:09:10'),
(680, 36.00, '2025-03-29 12:09:10'),
(681, 47.55, '2025-03-29 12:11:30'),
(682, 36.00, '2025-03-29 12:11:30'),
(683, 47.55, '2025-03-29 12:11:39'),
(684, 36.00, '2025-03-29 12:11:39'),
(685, 47.55, '2025-03-30 14:38:36'),
(686, 36.00, '2025-03-30 14:38:36'),
(687, 60.05, '2025-03-30 14:39:41'),
(688, 36.00, '2025-03-30 14:39:41'),
(689, 60.05, '2025-03-30 14:40:06'),
(690, 36.00, '2025-03-30 14:40:06'),
(691, 60.05, '2025-03-30 14:40:10'),
(692, 36.00, '2025-03-30 14:40:10'),
(693, 60.05, '2025-03-30 14:40:19'),
(694, 36.00, '2025-03-30 14:40:19'),
(695, 60.05, '2025-03-30 14:40:27'),
(696, 36.00, '2025-03-30 14:40:27'),
(697, 60.05, '2025-03-30 14:41:24'),
(698, 36.00, '2025-03-30 14:41:25'),
(699, 58.55, '2025-03-30 14:41:54'),
(700, 36.00, '2025-03-30 14:41:54'),
(701, 58.55, '2025-03-30 14:42:04'),
(702, 36.00, '2025-03-30 14:42:04'),
(703, 58.55, '2025-03-30 14:42:27'),
(704, 36.00, '2025-03-30 14:42:27'),
(705, 58.55, '2025-03-30 14:42:32'),
(706, 36.00, '2025-03-30 14:42:32'),
(707, 58.55, '2025-03-30 14:43:20'),
(708, 36.00, '2025-03-30 14:43:20'),
(709, 58.55, '2025-03-30 14:43:30'),
(710, 36.00, '2025-03-30 14:43:30'),
(711, 57.05, '2025-03-30 14:44:41'),
(712, 36.00, '2025-03-30 14:44:41'),
(713, 57.05, '2025-03-30 14:45:28'),
(714, 36.00, '2025-03-30 14:45:28'),
(715, 57.05, '2025-03-30 14:48:34'),
(716, 0.00, '2025-03-30 14:48:34'),
(717, 57.05, '2025-03-30 14:48:42'),
(718, 0.00, '2025-03-30 14:48:42'),
(719, 57.05, '2025-03-30 14:49:00'),
(720, 0.00, '2025-03-30 14:49:00'),
(721, 57.05, '2025-03-30 14:50:52'),
(722, 0.00, '2025-03-30 14:50:52'),
(723, 57.05, '2025-03-30 14:53:34'),
(724, 0.00, '2025-03-30 14:53:34'),
(725, 57.05, '2025-03-30 14:53:45'),
(726, 0.00, '2025-03-30 14:53:45'),
(727, 57.05, '2025-03-30 14:53:48'),
(728, 0.00, '2025-03-30 14:53:48'),
(729, 57.05, '2025-03-30 14:55:58'),
(730, 0.00, '2025-03-30 14:55:58'),
(731, 57.05, '2025-03-30 14:56:02'),
(732, 0.00, '2025-03-30 14:56:02'),
(733, 57.05, '2025-03-30 14:56:45'),
(734, 0.00, '2025-03-30 14:56:45'),
(735, 57.05, '2025-03-30 14:57:06'),
(736, 0.00, '2025-03-30 14:57:06'),
(737, 57.05, '2025-03-30 14:59:33'),
(738, 0.00, '2025-03-30 14:59:33'),
(739, 72.50, '2025-03-30 15:03:26'),
(740, 0.00, '2025-03-30 15:03:26'),
(741, 72.50, '2025-03-30 15:03:30'),
(742, 0.00, '2025-03-30 15:03:30'),
(743, 72.50, '2025-03-30 15:03:33'),
(744, 0.00, '2025-03-30 15:03:33'),
(745, 70.50, '2025-03-30 15:31:40'),
(746, 0.00, '2025-03-30 15:31:40'),
(747, 65.50, '2025-03-30 15:32:29'),
(748, 0.00, '2025-03-30 15:32:29'),
(749, 95.50, '2025-03-30 15:34:23'),
(750, 0.00, '2025-03-30 15:34:23'),
(751, 95.50, '2025-03-30 15:35:29'),
(752, 0.00, '2025-03-30 15:35:29'),
(753, 95.50, '2025-03-30 15:47:44'),
(754, 0.00, '2025-03-30 15:47:44'),
(755, 95.50, '2025-03-30 23:24:52'),
(756, 0.00, '2025-03-30 23:24:52'),
(757, 95.50, '2025-03-30 23:25:15'),
(758, 0.00, '2025-03-30 23:25:15'),
(759, 95.50, '2025-03-30 23:25:23'),
(760, 0.00, '2025-03-30 23:25:23'),
(761, 95.50, '2025-03-30 23:31:29'),
(762, 0.00, '2025-03-30 23:31:29'),
(763, 100.00, '2025-03-30 23:34:12'),
(764, 0.00, '2025-03-30 23:34:12'),
(765, 98.50, '2025-03-30 23:50:21'),
(766, 0.00, '2025-03-30 23:50:21'),
(767, 98.50, '2025-03-30 23:51:20'),
(768, 0.00, '2025-03-30 23:51:20'),
(769, 96.90, '2025-03-31 00:00:44'),
(770, 0.00, '2025-03-31 00:00:44'),
(771, 96.90, '2025-03-31 00:02:14'),
(772, 0.00, '2025-03-31 00:02:14'),
(773, 96.90, '2025-03-31 00:02:20'),
(774, 0.00, '2025-03-31 00:02:20'),
(775, 96.90, '2025-03-31 00:02:23'),
(776, 0.00, '2025-03-31 00:02:23'),
(777, 96.90, '2025-03-31 00:02:25'),
(778, 0.00, '2025-03-31 00:02:25'),
(779, 96.90, '2025-03-31 00:02:26'),
(780, 0.00, '2025-03-31 00:02:26'),
(781, 96.90, '2025-03-31 00:02:27'),
(782, 0.00, '2025-03-31 00:02:27'),
(783, 96.90, '2025-03-31 00:02:30'),
(784, 0.00, '2025-03-31 00:02:30'),
(785, 96.90, '2025-03-31 00:02:33'),
(786, 0.00, '2025-03-31 00:02:33'),
(787, 96.90, '2025-03-31 02:28:09'),
(788, 0.00, '2025-03-31 02:28:09'),
(789, 96.90, '2025-03-31 02:28:12'),
(790, 0.00, '2025-03-31 02:28:12'),
(791, 83.90, '2025-03-31 02:32:01'),
(792, 0.00, '2025-03-31 02:32:01'),
(793, 83.90, '2025-03-31 02:33:02'),
(794, 0.00, '2025-03-31 02:33:02'),
(795, 83.90, '2025-03-31 02:33:13'),
(796, 0.00, '2025-03-31 02:33:13'),
(797, 83.15, '2025-03-31 02:46:34'),
(798, 0.00, '2025-03-31 02:46:34'),
(799, 83.15, '2025-03-31 02:48:45'),
(800, 0.00, '2025-03-31 02:48:45'),
(801, 83.15, '2025-03-31 12:57:02'),
(802, 0.00, '2025-03-31 12:57:02'),
(803, 83.15, '2025-03-31 12:57:13'),
(804, 0.00, '2025-03-31 12:57:13'),
(805, 83.15, '2025-03-31 12:57:39'),
(806, 0.00, '2025-03-31 12:57:39'),
(807, 83.15, '2025-03-31 12:57:52'),
(808, 0.00, '2025-03-31 12:57:52'),
(809, 83.15, '2025-03-31 12:58:14'),
(810, 0.00, '2025-03-31 12:58:14'),
(811, 83.15, '2025-03-31 13:01:28'),
(812, 0.00, '2025-03-31 13:01:28'),
(813, 78.15, '2025-03-31 13:02:54'),
(814, 0.00, '2025-03-31 13:02:54'),
(815, 78.15, '2025-03-31 13:03:36'),
(816, 0.00, '2025-03-31 13:03:36'),
(817, 78.15, '2025-03-31 13:10:20'),
(818, 0.00, '2025-03-31 13:10:20'),
(819, 78.15, '2025-03-31 13:10:21'),
(820, 0.00, '2025-03-31 13:10:21'),
(821, 78.15, '2025-03-31 13:11:05'),
(822, 0.00, '2025-03-31 13:11:05'),
(823, 78.15, '2025-03-31 13:12:55'),
(824, 0.00, '2025-03-31 13:12:55'),
(825, 78.15, '2025-03-31 13:15:03'),
(826, 0.00, '2025-03-31 13:15:03'),
(827, 76.65, '2025-03-31 13:33:48'),
(828, 0.00, '2025-03-31 13:33:48'),
(829, 76.65, '2025-03-31 13:40:52'),
(830, 0.00, '2025-03-31 13:40:52'),
(831, 100.50, '2025-03-31 21:37:37'),
(832, 0.00, '2025-03-31 21:37:37'),
(833, 100.50, '2025-03-31 21:37:40'),
(834, 0.00, '2025-03-31 21:37:40'),
(835, 127.00, '2025-03-31 21:40:22'),
(836, 0.00, '2025-03-31 21:40:22'),
(837, 127.00, '2025-03-31 21:44:49'),
(838, 0.00, '2025-03-31 21:44:49'),
(839, 127.00, '2025-03-31 21:44:57'),
(840, 0.00, '2025-03-31 21:44:57'),
(841, 127.00, '2025-03-31 21:59:28'),
(842, 0.00, '2025-03-31 21:59:28'),
(843, 127.00, '2025-03-31 21:59:54'),
(844, 0.00, '2025-03-31 21:59:54'),
(845, 127.00, '2025-03-31 22:00:24'),
(846, 0.00, '2025-03-31 22:00:24'),
(847, 127.00, '2025-03-31 22:12:43'),
(848, 0.00, '2025-03-31 22:12:43'),
(849, 127.00, '2025-03-31 22:12:47'),
(850, 0.00, '2025-03-31 22:12:47'),
(851, 127.00, '2025-03-31 22:17:29'),
(852, 0.00, '2025-03-31 22:17:29'),
(853, 127.00, '2025-03-31 22:17:31'),
(854, 0.00, '2025-03-31 22:17:31'),
(855, 127.00, '2025-03-31 22:22:37'),
(856, 0.00, '2025-03-31 22:22:37'),
(857, 127.00, '2025-03-31 22:22:54'),
(858, 0.00, '2025-03-31 22:22:54'),
(859, 127.00, '2025-04-01 02:14:43'),
(860, 0.00, '2025-04-01 02:14:43'),
(861, 122.00, '2025-04-01 02:43:09'),
(862, 0.00, '2025-04-01 02:43:09'),
(863, 122.00, '2025-04-01 02:43:34'),
(864, 0.00, '2025-04-01 02:43:34'),
(865, 122.00, '2025-04-01 02:43:49'),
(866, 0.00, '2025-04-01 02:43:49'),
(867, 122.00, '2025-04-01 02:46:27'),
(868, 0.00, '2025-04-01 02:46:27'),
(869, 122.00, '2025-04-01 03:05:27'),
(870, 0.00, '2025-04-01 03:05:27'),
(871, 122.00, '2025-04-01 11:04:06'),
(872, 0.00, '2025-04-01 11:04:06'),
(873, 122.00, '2025-04-01 11:04:09'),
(874, 0.00, '2025-04-01 11:04:09'),
(875, 122.00, '2025-04-01 11:04:10'),
(876, 0.00, '2025-04-01 11:04:10'),
(877, 122.00, '2025-04-01 11:04:11'),
(878, 0.00, '2025-04-01 11:04:11'),
(879, 122.00, '2025-04-01 11:05:35'),
(880, 0.00, '2025-04-01 11:05:35'),
(881, 109.00, '2025-04-01 11:08:42'),
(882, 0.00, '2025-04-01 11:08:42'),
(883, 102.50, '2025-04-01 11:24:26'),
(884, 0.00, '2025-04-01 11:24:26'),
(885, 102.50, '2025-04-01 11:24:28'),
(886, 0.00, '2025-04-01 11:24:28'),
(887, 102.50, '2025-04-01 11:24:44'),
(888, 0.00, '2025-04-01 11:24:44'),
(889, 102.50, '2025-04-01 11:29:39'),
(890, 0.00, '2025-04-01 11:29:39'),
(891, 102.50, '2025-04-01 11:33:10'),
(892, 0.00, '2025-04-01 11:33:10'),
(893, 102.50, '2025-04-01 11:33:10'),
(894, 0.00, '2025-04-01 11:33:10'),
(895, 102.50, '2025-04-01 11:58:50'),
(896, 0.00, '2025-04-01 11:58:50'),
(897, 102.50, '2025-04-01 11:58:53'),
(898, 0.00, '2025-04-01 11:58:53'),
(899, 102.50, '2025-04-01 11:59:00'),
(900, 0.00, '2025-04-01 11:59:00'),
(901, 140.84, '2025-04-03 02:39:53'),
(902, 0.00, '2025-04-03 02:39:53'),
(903, 140.84, '2025-04-03 02:40:00'),
(904, 0.00, '2025-04-03 02:40:00'),
(905, 140.84, '2025-04-03 02:41:11'),
(906, 0.00, '2025-04-03 02:41:11'),
(907, 140.84, '2025-04-03 22:44:18'),
(908, 0.00, '2025-04-03 22:44:18'),
(909, 140.84, '2025-04-03 22:44:33'),
(910, 0.00, '2025-04-03 22:44:33'),
(911, 140.84, '2025-04-03 22:44:41'),
(912, 0.00, '2025-04-03 22:44:42'),
(913, 140.84, '2025-04-03 22:44:50'),
(914, 0.00, '2025-04-03 22:44:50'),
(915, 140.84, '2025-04-03 22:45:49'),
(916, 0.00, '2025-04-03 22:45:49'),
(917, 140.84, '2025-04-03 23:04:51'),
(918, 0.00, '2025-04-03 23:04:51'),
(919, 140.84, '2025-04-03 23:04:57'),
(920, 0.00, '2025-04-03 23:04:57'),
(921, 140.84, '2025-04-03 23:07:59'),
(922, 0.00, '2025-04-03 23:07:59'),
(923, 140.84, '2025-04-03 23:08:18'),
(924, 0.00, '2025-04-03 23:08:18'),
(925, 140.84, '2025-04-03 23:10:38'),
(926, 0.00, '2025-04-03 23:10:38'),
(927, 140.84, '2025-04-03 23:10:42'),
(928, 0.00, '2025-04-03 23:10:42'),
(929, 140.84, '2025-04-03 23:37:21'),
(930, 0.00, '2025-04-03 23:37:21'),
(931, 140.84, '2025-04-03 23:37:23'),
(932, 0.00, '2025-04-03 23:37:23'),
(933, 140.84, '2025-04-03 23:37:53'),
(934, 0.00, '2025-04-03 23:37:53'),
(935, 140.84, '2025-04-03 23:37:55'),
(936, 0.00, '2025-04-03 23:37:55'),
(937, 140.84, '2025-04-03 23:37:56'),
(938, 0.00, '2025-04-03 23:37:56'),
(939, 140.84, '2025-04-04 14:27:21'),
(940, 371.85, '2025-04-04 16:18:16'),
(941, 488.85, '2025-04-05 00:15:07');

-- --------------------------------------------------------

--
-- Table structure for table `notifications`
--

CREATE TABLE `notifications` (
  `id` int(11) NOT NULL,
  `date` date NOT NULL
) ENGINE=InnoDB DEFAULT CHARSET=utf8mb4 COLLATE=utf8mb4_general_ci;

-- --------------------------------------------------------

--
-- Table structure for table `orders`
--

CREATE TABLE `orders` (
  `order_id` int(11) NOT NULL,
  `user_id` int(11) NOT NULL,
  `total_amount` decimal(10,2) NOT NULL,
  `order_date` timestamp NOT NULL DEFAULT current_timestamp(),
  `status` varchar(50) DEFAULT 'Already ',
  `payment_mode` enum('Cash Payment','Card Payment') NOT NULL DEFAULT 'Cash Payment',
  `order_reference` varchar(255) DEFAULT NULL
) ENGINE=InnoDB DEFAULT CHARSET=utf8mb4 COLLATE=utf8mb4_general_ci;

--
-- Dumping data for table `orders`
--

INSERT INTO `orders` (`order_id`, `user_id`, `total_amount`, `order_date`, `status`, `payment_mode`, `order_reference`) VALUES
(116, 59, 13.86, '2025-04-06 02:41:55', 'Already ', 'Card Payment', NULL),
(117, 59, 12.60, '2025-04-06 02:43:32', 'Already ', 'Cash Payment', NULL),
(118, 59, 15.75, '2025-04-06 02:58:03', 'Already ', 'Card Payment', NULL),
(119, 59, 12.60, '2025-04-06 03:50:18', 'Already ', 'Card Payment', NULL),
(120, 59, 15.75, '2025-04-07 01:14:45', 'Already ', 'Card Payment', NULL);

-- --------------------------------------------------------

--
-- Table structure for table `order_items`
--

CREATE TABLE `order_items` (
  `order_item_id` int(11) NOT NULL,
  `order_id` int(11) DEFAULT NULL,
  `product_id` int(11) DEFAULT NULL,
  `quantity` int(11) NOT NULL,
  `price` decimal(10,2) NOT NULL,
  `total_price` decimal(10,2) NOT NULL
) ENGINE=InnoDB DEFAULT CHARSET=utf8mb4 COLLATE=utf8mb4_general_ci;

--
-- Dumping data for table `order_items`
--

INSERT INTO `order_items` (`order_item_id`, `order_id`, `product_id`, `quantity`, `price`, `total_price`) VALUES
(126, 116, 133, 22, 0.63, 0.00),
(127, 117, 130, 20, 0.63, 0.00),
(128, 118, 127, 25, 0.63, 0.00),
(129, 119, 120, 20, 0.63, 0.00),
(130, 120, 112, 25, 0.63, 0.00);

--
-- Triggers `order_items`
--
DELIMITER $$
CREATE TRIGGER `reduce_product_quantity` AFTER INSERT ON `order_items` FOR EACH ROW BEGIN
    UPDATE products 
    SET quantity = quantity - NEW.quantity
    WHERE product_id = NEW.product_id;
END
$$
DELIMITER ;

-- --------------------------------------------------------

--
-- Table structure for table `payments`
--

CREATE TABLE `payments` (
  `payment_id` int(11) NOT NULL,
  `order_id` int(11) NOT NULL,
  `payment_method` enum('Cash','Credit Card','QR Code','Online') NOT NULL,
  `amount_paid` decimal(10,2) NOT NULL,
  `payment_date` timestamp NOT NULL DEFAULT current_timestamp()
) ENGINE=InnoDB DEFAULT CHARSET=utf8mb4 COLLATE=utf8mb4_general_ci;

-- --------------------------------------------------------

--
-- Table structure for table `products`
--

CREATE TABLE `products` (
  `product_id` int(11) NOT NULL,
  `product_name` varchar(255) NOT NULL,
  `description` text DEFAULT NULL,
  `category_id` int(11) DEFAULT NULL,
  `supplier_id` int(11) DEFAULT NULL,
  `price` decimal(10,2) NOT NULL,
  `cost_product` decimal(10,2) NOT NULL,
  `created_at` timestamp NULL DEFAULT NULL ON UPDATE current_timestamp(),
  `updated_at` timestamp NULL DEFAULT NULL ON UPDATE current_timestamp(),
  `image` varchar(225) NOT NULL,
  `barcode` varchar(14) DEFAULT NULL,
  `in_stock` tinyint(1) NOT NULL,
  `quantity` int(20) NOT NULL,
  `discounted_price` int(20) NOT NULL
) ENGINE=InnoDB DEFAULT CHARSET=utf8mb4 COLLATE=utf8mb4_general_ci;

--
-- Dumping data for table `products`
--

INSERT INTO `products` (`product_id`, `product_name`, `description`, `category_id`, `supplier_id`, `price`, `cost_product`, `created_at`, `updated_at`, `image`, `barcode`, `in_stock`, `quantity`, `discounted_price`) VALUES
(100, 'ភីសាឈីស', 'I want to buy it now into stock.', 11, NULL, 5.00, 4.50, '2025-04-05 00:29:36', '2025-04-05 00:29:36', 'uploads/2.jpg', '123456897802', 0, 12, 0),
(101, 'ភីសាហត់ដក', 'I want to buy it into stock.', 11, NULL, 5.00, 4.50, '2025-04-06 01:45:00', '2025-04-06 01:45:00', 'uploads/4.jpg', '123456897803', 1, 12, 0),
(102, 'ភីសាហត់ផត', 'I want to buy it into stock.', 11, NULL, 3.00, 2.50, '2025-04-04 15:05:10', '2025-04-04 15:05:10', 'uploads/images__4_.jpg', '123456897804', 1, 15, 0),
(103, 'ស្ទិងក្រហម', 'I want to buy it into stock.', 9, NULL, 0.75, 0.63, '2025-04-05 00:29:59', '2025-04-05 00:29:59', 'uploads/sting_red.jpg', '123456897805', 0, 10, 0),
(104, 'ស្ទិងលឿង', 'I want to buy it into stock.', 9, NULL, 0.75, 0.63, '2025-04-06 01:03:56', '2025-04-06 01:03:56', 'uploads/sting2.jpg', '123456897806', 0, 14, 0),
(105, 'ស្ទិងក្រហមដប', 'I want to buy it into stock.', 9, NULL, 0.75, 0.63, '2025-04-05 00:28:17', '2025-04-05 00:28:17', 'uploads/______________________________.png', '123456897807', 0, 3, 0),
(106, 'ស្ទិងលឿងដប', 'I want to buy it into stock.', 9, NULL, 0.75, 0.63, '2025-04-04 16:02:17', '2025-04-04 16:02:17', 'uploads/sting_yellow.jpg', '123456897808', 0, 15, 0),
(107, 'ឆែមពានបៃតង', 'I want to buy it into stock.', 9, NULL, 0.75, 0.63, '2025-04-04 16:00:58', '2025-04-04 16:00:58', 'uploads/Champion-Green.png', '123456897809', 0, 15, 0),
(108, 'ឆែមពានអាយ', 'I want to buy it into stock.', 9, NULL, 0.75, 0.63, '2025-04-06 01:07:40', '2025-04-06 01:07:40', 'uploads/Champion-Ice-New.png', '123456897810', 0, 13, 0),
(109, 'កូកា កូឡា', 'I want to buy it into stock.', 9, NULL, 0.63, 0.50, '2025-04-06 01:36:58', '2025-04-06 01:36:58', 'uploads/coca.jpeg', '123456897811', 0, 3, 0),
(110, 'អិឈីតាន', 'I want to buy it into stock.', 9, NULL, 0.75, 0.63, '2025-04-04 16:01:44', '2025-04-04 16:01:44', 'uploads/ichitan.jpg', '123456897812', 0, 15, 0),
(111, 'ហ្វាន់តាទំពាំងបាយជូ', 'I want to buy it into stock.', 9, NULL, 0.63, 0.50, '2025-04-04 15:42:35', '2025-04-04 15:42:35', 'uploads/fanta.jpg', '123456897813', 1, 15, 0),
(112, 'ហ្វាន់តាក្រូច', 'I want to buy it into stock.', 9, NULL, 0.63, 0.50, '2025-04-07 01:14:45', '2025-04-07 01:14:45', 'uploads/fanta1.jpg', '123456897814', 0, 20, 0),
(113, 'ហ្វាន់តាក្រូចខៀវ', 'I want to buy it into stock.', 9, NULL, 0.63, 0.50, '2025-04-06 01:36:00', '2025-04-06 01:36:00', 'uploads/fanta.jpg', '123456897815', 0, 14, 0),
(114, 'Milo Milk', 'I want to buy it into stock.', 9, NULL, 0.63, 0.50, '2025-04-04 15:56:32', '2025-04-04 15:56:32', 'uploads/milo.jpg', '123456897816', 1, 15, 0),
(115, 'អូអិឈិក្រូចឆ្មា', 'I want to buy it into stock.', 9, NULL, 0.75, 0.63, '2025-04-04 15:58:51', '2025-04-04 15:58:51', 'uploads/ohich.jpg', '123456897817', 1, 15, 0),
(116, 'អូអិឈិកទឹកឃ្មុំ', 'I want to buy it into stock.', 9, NULL, 0.75, 0.63, '2025-04-04 16:00:31', '2025-04-04 16:00:31', 'uploads/ohick.jpg', '123456897818', 1, 15, 0),
(117, 'មីម៉ាម៉ាសាច់គោ', 'I want to buy it into stock.', 10, NULL, 0.63, 0.50, '2025-04-05 00:30:56', '2025-04-05 00:30:56', 'uploads/mama.jpg', '123456897819', 1, 12, 0),
(118, 'មីម៉ាម៉ានូដលខៀវ', 'I want to buy it into stock.', 9, NULL, 0.63, 0.50, '2025-04-04 16:09:20', '2025-04-04 16:09:20', 'uploads/Mama-Cup-Noodles-Green.jpg', '123456897834', 1, 15, 0),
(120, 'មីម៉ាម៉ានូដលបង្កង', 'I want to buy it into stock.', 10, NULL, 0.63, 0.50, '2025-04-06 03:50:18', '2025-04-06 03:50:18', 'uploads/1716950672b7b3e82afd9c26c07a65db4976f2c2260.png', '123456897823', 1, 30, 0),
(121, 'ទឹកកឈូសក្រូច', 'I want to buy it into stock.', 14, NULL, 0.50, 0.38, '2025-04-05 00:00:05', '2025-04-05 00:00:05', 'uploads/tikice.jpg', '123456897914', 0, 15, 0),
(122, 'ទឹកកឈូសស្ទីប័ិរី', 'I want to buy it into stock.', 14, NULL, 0.50, 0.38, '2025-04-05 00:31:50', '2025-04-05 00:31:50', 'uploads/ice2.jpg', '123456897825', 0, 11, 0),
(123, 'ទឹកកឈូសតក់ប៉ែ', 'I want to buy it into stock.', 14, NULL, 0.50, 0.38, '2025-04-05 00:00:31', '2025-04-05 00:00:31', 'uploads/ice3.jpg', '123456897826', 0, 15, 0),
(124, 'ទឹកកឈូសសុីរ៉ូ', 'I want to buy it into stock.', 14, NULL, 0.63, 0.38, '2025-04-05 00:00:44', '2025-04-05 00:00:44', 'uploads/ice.jpg', '123456897827', 0, 15, 0),
(125, 'ទឹកក្រឡុកស្ទីប័ររី', 'I want to buy it into stock.', 9, NULL, 0.63, 0.50, '2025-04-05 00:03:20', '2025-04-05 00:03:20', 'uploads/krolok5.jpg', '123456897828', 1, 15, 0),
(126, 'ទឹកក្រឡុកត្រាវ', 'I want to buy it into stock.', 9, NULL, 0.63, 0.50, '2025-04-05 00:04:40', '2025-04-05 00:04:40', 'uploads/krolok4.jpg', '123456897829', 1, 15, 0),
(127, 'ប័រក្រឡុក', 'I want to buy it into stock.', 9, NULL, 0.63, 0.50, '2025-04-06 02:58:03', '2025-04-06 02:58:03', 'uploads/krolok.jpg', '123456897833', 1, 19, 0),
(128, 'តែជ្រក់', 'I want to buy it into stock.', 9, NULL, 0.63, 0.50, '2025-04-05 00:07:18', '2025-04-05 00:07:18', 'uploads/tea3.jpg', '123456897832', 1, 15, 0),
(130, 'តែជ្រក់បៃតង', 'I want to buy it into stock.', 9, NULL, 0.63, 0.50, '2025-04-06 02:43:32', '2025-04-06 02:43:32', 'uploads/tea1.jpg', '123456897835', 1, 20, 0),
(131, 'តែផាសិន', 'I want to buy it into stock.', 9, NULL, 0.63, 0.50, '2025-04-06 01:55:51', '2025-04-06 01:55:51', 'uploads/tea2.jpg', '123456897836', 1, 13, 0),
(132, 'តែគុជត្រសក់ស្រូវ', 'I want to buy it into stock.', 9, NULL, 0.63, 0.50, '2025-04-05 00:11:52', '2025-04-05 00:11:52', 'uploads/krolok1.jpg', '123456897840', 1, 15, 0),
(133, 'តែគុជទឹកដោះគោ', 'I want to buy it into stock.', 9, NULL, 0.63, 0.50, '2025-04-06 02:41:55', '2025-04-06 02:41:55', 'uploads/krolok3.jpg', '123456897841', 1, 18, 0),
(134, 'តែគុជត្រាវ', 'I want to buy it into stock.', 9, NULL, 0.63, 0.50, '2025-04-06 02:17:48', '2025-04-06 02:17:48', 'uploads/krolok2.jpg', '123456897842', 1, 5, 0),
(136, 'ទឹកកកឈូសស', 'buy it now', 14, NULL, 0.50, 0.38, '2025-04-05 00:25:38', '2025-04-05 00:25:38', 'uploads/ice2.png', '123456789045', 1, 4, 0);

-- --------------------------------------------------------

--
-- Table structure for table `roles`
--

CREATE TABLE `roles` (
  `role_id` int(11) NOT NULL,
  `role_name` enum('admin','user','staff') NOT NULL
) ENGINE=InnoDB DEFAULT CHARSET=utf8mb4 COLLATE=utf8mb4_general_ci;

--
-- Dumping data for table `roles`
--

INSERT INTO `roles` (`role_id`, `role_name`) VALUES
(1, 'admin'),
(2, 'user'),
(3, 'staff');

-- --------------------------------------------------------

--
-- Table structure for table `stock_history`
--

CREATE TABLE `stock_history` (
  `id` int(11) NOT NULL,
  `total` int(11) NOT NULL,
  `updated_at` timestamp NOT NULL DEFAULT current_timestamp()
) ENGINE=InnoDB DEFAULT CHARSET=utf8mb4 COLLATE=utf8mb4_general_ci;

--
-- Dumping data for table `stock_history`
--

INSERT INTO `stock_history` (`id`, `total`, `updated_at`) VALUES
(51, 115, '2025-03-23 15:06:08'),
(52, 105, '2025-03-23 15:07:46'),
(53, 105, '2025-03-23 16:24:35'),
(54, 105, '2025-03-23 16:25:14'),
(55, 105, '2025-03-23 16:25:16'),
(56, 105, '2025-03-23 16:27:27'),
(57, 105, '2025-03-23 16:27:31'),
(58, 105, '2025-03-23 16:27:50'),
(59, 105, '2025-03-23 16:30:09'),
(60, 105, '2025-03-23 16:30:51'),
(61, 105, '2025-03-23 16:31:57'),
(62, 105, '2025-03-23 16:33:34'),
(63, 105, '2025-03-24 00:40:56'),
(64, 105, '2025-03-24 00:41:17'),
(65, 105, '2025-03-24 00:41:23'),
(66, 105, '2025-03-24 00:44:53'),
(67, 105, '2025-03-24 00:48:42'),
(68, 105, '2025-03-24 00:51:00'),
(69, 105, '2025-03-24 01:21:36'),
(70, 105, '2025-03-24 02:37:13'),
(71, 105, '2025-03-24 03:31:50'),
(72, 105, '2025-03-24 03:31:55'),
(73, 105, '2025-03-24 04:11:31'),
(74, 105, '2025-03-24 04:19:38'),
(75, 105, '2025-03-24 05:43:07'),
(76, 105, '2025-03-24 05:44:35'),
(77, 105, '2025-03-24 05:51:28'),
(78, 105, '2025-03-24 05:52:33'),
(79, 105, '2025-03-24 05:53:37'),
(80, 105, '2025-03-24 05:53:48'),
(81, 105, '2025-03-24 09:19:02'),
(82, 105, '2025-03-24 10:54:30'),
(83, 105, '2025-03-24 10:54:33'),
(84, 105, '2025-03-24 10:56:00'),
(85, 105, '2025-03-24 11:03:17'),
(86, 105, '2025-03-24 11:04:12'),
(87, 105, '2025-03-24 11:04:13'),
(88, 105, '2025-03-24 11:04:24'),
(89, 105, '2025-03-24 11:04:27'),
(90, 105, '2025-03-24 11:04:30'),
(91, 105, '2025-03-24 11:04:34'),
(92, 105, '2025-03-24 11:04:34'),
(93, 105, '2025-03-24 11:04:37'),
(94, 105, '2025-03-24 11:04:44'),
(95, 105, '2025-03-25 06:03:27'),
(96, 105, '2025-03-25 06:03:30'),
(97, 105, '2025-03-25 06:23:22'),
(98, 105, '2025-03-25 06:36:03'),
(99, 105, '2025-03-25 06:38:12'),
(100, 105, '2025-03-25 06:38:14'),
(101, 105, '2025-03-25 06:38:20'),
(102, 105, '2025-03-25 06:38:20'),
(103, 105, '2025-03-25 06:38:23'),
(104, 105, '2025-03-25 06:38:23'),
(105, 105, '2025-03-25 06:38:24'),
(106, 105, '2025-03-25 06:38:25'),
(107, 105, '2025-03-25 06:38:25'),
(108, 105, '2025-03-25 06:40:18'),
(109, 105, '2025-03-25 06:40:31'),
(110, 105, '2025-03-25 06:40:32'),
(111, 105, '2025-03-25 06:40:54'),
(112, 105, '2025-03-25 06:40:57'),
(113, 105, '2025-03-25 06:41:02'),
(114, 105, '2025-03-25 06:41:11'),
(115, 105, '2025-03-25 06:49:14'),
(116, 105, '2025-03-25 06:49:18'),
(117, 105, '2025-03-25 06:50:19'),
(118, 105, '2025-03-25 06:50:41'),
(119, 105, '2025-03-25 06:50:46'),
(120, 105, '2025-03-25 07:14:23'),
(121, 105, '2025-03-25 07:14:25'),
(122, 105, '2025-03-25 10:27:33'),
(123, 105, '2025-03-25 10:54:49'),
(124, 105, '2025-03-25 10:55:36'),
(125, 105, '2025-03-25 10:55:39'),
(126, 105, '2025-03-25 10:56:54'),
(127, 105, '2025-03-25 10:56:57'),
(128, 105, '2025-03-25 10:57:11'),
(129, 105, '2025-03-25 12:15:45'),
(130, 105, '2025-03-25 12:15:58'),
(131, 105, '2025-03-25 12:16:02'),
(132, 105, '2025-03-25 12:56:45'),
(133, 105, '2025-03-25 13:41:15'),
(134, 70, '2025-03-25 15:28:37'),
(135, 70, '2025-03-25 15:29:50'),
(136, 70, '2025-03-25 15:31:54'),
(137, 70, '2025-03-25 15:51:25'),
(138, 70, '2025-03-25 15:52:54'),
(139, 70, '2025-03-25 15:55:08'),
(140, 70, '2025-03-25 16:29:03'),
(141, 70, '2025-03-25 16:30:50'),
(142, 70, '2025-03-26 11:46:05'),
(143, 70, '2025-03-26 11:46:24'),
(144, 70, '2025-03-26 11:46:26'),
(145, 70, '2025-03-26 11:46:29'),
(146, 70, '2025-03-26 12:30:22'),
(147, 70, '2025-03-26 12:30:25'),
(148, 70, '2025-03-26 12:34:37'),
(149, 70, '2025-03-26 13:22:08'),
(150, 71, '2025-03-26 15:58:49'),
(151, 69, '2025-03-26 16:08:22'),
(152, 59, '2025-03-26 16:19:22'),
(153, 61, '2025-03-26 16:35:58'),
(154, 60, '2025-03-27 15:03:17'),
(155, 56, '2025-03-27 16:26:51'),
(156, 56, '2025-03-28 11:59:15'),
(157, 54, '2025-03-28 12:10:41'),
(158, 54, '2025-03-28 12:12:50'),
(159, 54, '2025-03-28 12:12:51'),
(160, 54, '2025-03-28 12:14:47'),
(161, 54, '2025-03-28 12:15:04'),
(162, 54, '2025-03-28 12:15:12'),
(163, 54, '2025-03-28 12:15:15'),
(164, 54, '2025-03-28 12:15:15'),
(165, 54, '2025-03-28 12:15:20'),
(166, 54, '2025-03-28 12:15:25'),
(167, 54, '2025-03-28 12:17:35'),
(168, 54, '2025-03-28 12:17:37'),
(169, 54, '2025-03-28 12:17:38'),
(170, 54, '2025-03-28 12:18:04'),
(171, 54, '2025-03-28 12:18:08'),
(172, 54, '2025-03-28 12:21:50'),
(173, 54, '2025-03-28 12:23:55'),
(174, 54, '2025-03-28 12:37:52'),
(175, 51, '2025-03-28 13:41:33'),
(176, 50, '2025-03-28 13:46:35'),
(177, 56, '2025-03-28 13:47:25'),
(178, 56, '2025-03-28 13:50:53'),
(179, 51, '2025-03-28 13:56:54'),
(180, 51, '2025-03-28 15:54:40'),
(181, 51, '2025-03-28 16:14:37'),
(182, 51, '2025-03-28 16:15:22'),
(183, 51, '2025-03-28 16:16:45'),
(184, 51, '2025-03-28 16:18:02'),
(185, 51, '2025-03-28 16:18:10'),
(186, 51, '2025-03-28 16:18:45'),
(187, 51, '2025-03-28 16:20:25'),
(188, 51, '2025-03-28 16:23:40'),
(189, 51, '2025-03-28 16:23:40'),
(190, 51, '2025-03-28 16:23:40'),
(191, 51, '2025-03-28 16:25:39'),
(192, 51, '2025-03-28 16:25:40'),
(193, 51, '2025-03-28 16:25:59'),
(194, 51, '2025-03-28 16:26:35'),
(195, 51, '2025-03-28 16:27:44'),
(196, 51, '2025-03-28 16:27:45'),
(197, 51, '2025-03-28 16:27:45'),
(198, 51, '2025-03-28 16:29:37'),
(199, 51, '2025-03-28 16:29:41'),
(200, 51, '2025-03-28 16:31:50'),
(201, 51, '2025-03-28 16:32:07'),
(202, 51, '2025-03-28 16:32:55'),
(203, 51, '2025-03-28 16:33:39'),
(204, 51, '2025-03-28 16:47:22'),
(205, 51, '2025-03-28 16:48:07'),
(206, 51, '2025-03-28 16:50:23'),
(207, 51, '2025-03-28 16:50:23'),
(208, 51, '2025-03-28 16:51:04'),
(209, 51, '2025-03-28 16:51:05'),
(210, 51, '2025-03-28 16:52:14'),
(211, 51, '2025-03-28 16:52:36'),
(212, 51, '2025-03-28 16:52:45'),
(213, 51, '2025-03-28 16:55:18'),
(214, 51, '2025-03-28 16:58:01'),
(215, 51, '2025-03-28 16:58:54'),
(216, 51, '2025-03-28 16:59:44'),
(217, 51, '2025-03-28 17:00:50'),
(218, 51, '2025-03-28 17:01:26'),
(219, 51, '2025-03-28 17:01:38'),
(220, 51, '2025-03-28 17:02:17'),
(221, 51, '2025-03-28 17:02:20'),
(222, 51, '2025-03-28 17:02:32'),
(223, 51, '2025-03-28 17:03:50'),
(224, 51, '2025-03-28 17:04:28'),
(225, 51, '2025-03-28 17:05:43'),
(226, 51, '2025-03-28 17:06:46'),
(227, 51, '2025-03-28 17:07:27'),
(228, 51, '2025-03-28 17:08:49'),
(229, 51, '2025-03-28 17:09:01'),
(230, 51, '2025-03-28 17:11:45'),
(231, 51, '2025-03-28 17:12:41'),
(232, 51, '2025-03-28 17:12:43'),
(233, 51, '2025-03-28 17:12:59'),
(234, 51, '2025-03-28 17:13:20'),
(235, 51, '2025-03-28 17:13:45'),
(236, 51, '2025-03-28 17:14:01'),
(237, 51, '2025-03-28 17:15:44'),
(238, 51, '2025-03-28 17:16:21'),
(239, 51, '2025-03-28 17:16:31'),
(240, 51, '2025-03-28 17:16:42'),
(241, 51, '2025-03-28 17:18:06'),
(242, 51, '2025-03-28 17:18:08'),
(243, 51, '2025-03-28 17:18:26'),
(244, 51, '2025-03-28 17:19:01'),
(245, 51, '2025-03-28 17:19:16'),
(246, 51, '2025-03-28 17:19:50'),
(247, 51, '2025-03-28 17:20:02'),
(248, 51, '2025-03-29 02:11:56'),
(249, 51, '2025-03-29 02:12:14'),
(250, 51, '2025-03-29 03:03:42'),
(251, 51, '2025-03-29 03:03:45'),
(252, 51, '2025-03-29 03:03:53'),
(253, 51, '2025-03-29 03:05:14'),
(254, 51, '2025-03-29 03:10:59'),
(255, 51, '2025-03-29 03:11:38'),
(256, 51, '2025-03-29 03:14:38'),
(257, 51, '2025-03-29 03:14:39'),
(258, 51, '2025-03-29 03:14:39'),
(259, 51, '2025-03-29 03:17:24'),
(260, 51, '2025-03-29 03:17:24'),
(261, 51, '2025-03-29 03:17:35'),
(262, 51, '2025-03-29 03:17:35'),
(263, 51, '2025-03-29 03:17:43'),
(264, 51, '2025-03-29 03:19:04'),
(265, 51, '2025-03-29 03:19:06'),
(266, 51, '2025-03-29 03:20:29'),
(267, 51, '2025-03-29 03:21:03'),
(268, 51, '2025-03-29 03:21:17'),
(269, 51, '2025-03-29 03:29:58'),
(270, 51, '2025-03-29 03:31:57'),
(271, 51, '2025-03-29 03:32:50'),
(272, 51, '2025-03-29 03:33:54'),
(273, 51, '2025-03-29 03:34:06'),
(274, 51, '2025-03-29 03:34:22'),
(275, 50, '2025-03-29 03:35:02'),
(276, 50, '2025-03-29 03:36:21'),
(277, 50, '2025-03-29 03:36:41'),
(278, 50, '2025-03-29 03:37:02'),
(279, 50, '2025-03-29 03:37:10'),
(280, 50, '2025-03-29 03:38:02'),
(281, 50, '2025-03-29 03:38:26'),
(282, 50, '2025-03-29 03:40:48'),
(283, 50, '2025-03-29 03:42:17'),
(284, 50, '2025-03-29 03:42:18'),
(285, 50, '2025-03-29 03:42:33'),
(286, 50, '2025-03-29 03:43:05'),
(287, 49, '2025-03-29 03:43:30'),
(288, 49, '2025-03-29 03:43:35'),
(289, 49, '2025-03-29 03:51:49'),
(290, 49, '2025-03-29 03:53:00'),
(291, 49, '2025-03-29 03:53:00'),
(292, 49, '2025-03-29 03:53:00'),
(293, 49, '2025-03-29 03:53:22'),
(294, 49, '2025-03-29 03:53:22'),
(295, 49, '2025-03-29 03:53:23'),
(296, 49, '2025-03-29 03:54:25'),
(297, 49, '2025-03-29 03:54:26'),
(298, 49, '2025-03-29 04:02:01'),
(299, 49, '2025-03-29 04:02:01'),
(300, 49, '2025-03-29 04:02:41'),
(301, 49, '2025-03-29 04:02:41'),
(302, 49, '2025-03-29 04:03:51'),
(303, 49, '2025-03-29 04:05:44'),
(304, 49, '2025-03-29 04:06:40'),
(305, 49, '2025-03-29 04:08:33'),
(306, 49, '2025-03-29 04:11:19'),
(307, 49, '2025-03-29 04:13:22'),
(308, 49, '2025-03-29 04:15:19'),
(309, 49, '2025-03-29 04:15:33'),
(310, 49, '2025-03-29 04:15:40'),
(311, 49, '2025-03-29 04:15:48'),
(312, 49, '2025-03-29 04:17:15'),
(313, 49, '2025-03-29 04:17:40'),
(314, 49, '2025-03-29 04:17:57'),
(315, 49, '2025-03-29 04:18:16'),
(316, 49, '2025-03-29 04:33:24'),
(317, 49, '2025-03-29 04:33:32'),
(318, 49, '2025-03-29 04:33:36'),
(319, 49, '2025-03-29 04:34:22'),
(320, 49, '2025-03-29 04:35:20'),
(321, 49, '2025-03-29 04:35:49'),
(322, 49, '2025-03-29 04:36:45'),
(323, 49, '2025-03-29 04:37:03'),
(324, 49, '2025-03-29 04:37:12'),
(325, 49, '2025-03-29 04:37:50'),
(326, 49, '2025-03-29 04:40:56'),
(327, 49, '2025-03-29 04:41:35'),
(328, 49, '2025-03-29 04:41:46'),
(329, 49, '2025-03-29 04:42:39'),
(330, 49, '2025-03-29 04:43:32'),
(331, 49, '2025-03-29 04:46:58'),
(332, 49, '2025-03-29 04:47:12'),
(333, 49, '2025-03-29 04:47:14'),
(334, 49, '2025-03-29 04:47:23'),
(335, 49, '2025-03-29 09:08:45'),
(336, 49, '2025-03-29 09:14:50'),
(337, 49, '2025-03-29 09:15:21'),
(338, 49, '2025-03-29 09:19:56'),
(339, 49, '2025-03-29 09:20:42'),
(340, 49, '2025-03-29 09:25:51'),
(341, 49, '2025-03-29 09:26:33'),
(342, 49, '2025-03-29 09:28:36'),
(343, 49, '2025-03-29 09:28:44'),
(344, 49, '2025-03-29 09:29:20'),
(345, 49, '2025-03-29 09:29:28'),
(346, 49, '2025-03-29 09:29:52'),
(347, 49, '2025-03-29 09:30:05'),
(348, 49, '2025-03-29 09:30:22'),
(349, 49, '2025-03-29 10:20:42'),
(350, 49, '2025-03-29 10:22:15'),
(351, 49, '2025-03-29 10:26:18'),
(352, 49, '2025-03-29 10:26:36'),
(353, 49, '2025-03-29 10:28:02'),
(354, 49, '2025-03-29 10:29:37'),
(355, 49, '2025-03-29 10:29:45'),
(356, 49, '2025-03-29 10:29:47'),
(357, 49, '2025-03-29 10:29:53'),
(358, 49, '2025-03-29 10:31:47'),
(359, 49, '2025-03-29 10:43:03'),
(360, 49, '2025-03-29 10:43:15'),
(361, 49, '2025-03-29 10:43:51'),
(362, 49, '2025-03-29 10:45:03'),
(363, 49, '2025-03-29 10:48:12'),
(364, 49, '2025-03-29 10:50:00'),
(365, 49, '2025-03-29 10:50:09'),
(366, 49, '2025-03-29 10:50:21'),
(367, 49, '2025-03-29 10:50:52'),
(368, 49, '2025-03-29 10:51:20'),
(369, 49, '2025-03-29 10:51:21'),
(370, 49, '2025-03-29 10:53:16'),
(371, 49, '2025-03-29 10:54:10'),
(372, 49, '2025-03-29 10:54:57'),
(373, 49, '2025-03-29 10:54:59'),
(374, 49, '2025-03-29 10:55:11'),
(375, 49, '2025-03-29 10:55:35'),
(376, 49, '2025-03-29 10:56:01'),
(377, 49, '2025-03-29 10:57:33'),
(378, 49, '2025-03-29 10:57:47'),
(379, 49, '2025-03-29 10:58:01'),
(380, 49, '2025-03-29 10:58:19'),
(381, 49, '2025-03-29 10:59:12'),
(382, 49, '2025-03-29 10:59:33'),
(383, 49, '2025-03-29 11:00:35'),
(384, 49, '2025-03-29 11:00:44'),
(385, 49, '2025-03-29 11:01:11'),
(386, 49, '2025-03-29 11:04:04'),
(387, 49, '2025-03-29 11:04:05'),
(388, 49, '2025-03-29 11:04:19'),
(389, 49, '2025-03-29 11:04:34'),
(390, 49, '2025-03-29 11:06:38'),
(391, 49, '2025-03-29 11:09:04'),
(392, 49, '2025-03-29 11:11:25'),
(393, 49, '2025-03-29 11:11:44'),
(394, 49, '2025-03-29 11:12:08'),
(395, 49, '2025-03-29 11:12:26'),
(396, 49, '2025-03-29 11:12:47'),
(397, 49, '2025-03-29 11:12:57'),
(398, 49, '2025-03-29 11:13:24'),
(399, 49, '2025-03-29 11:14:29'),
(400, 49, '2025-03-29 11:15:13'),
(401, 49, '2025-03-29 11:15:40'),
(402, 49, '2025-03-29 11:28:24'),
(403, 49, '2025-03-29 12:03:02'),
(404, 49, '2025-03-29 12:09:10'),
(405, 48, '2025-03-29 12:11:30'),
(406, 48, '2025-03-29 12:11:39'),
(407, 48, '2025-03-30 14:38:36'),
(408, 53, '2025-03-30 14:39:41'),
(409, 53, '2025-03-30 14:40:06'),
(410, 53, '2025-03-30 14:40:10'),
(411, 53, '2025-03-30 14:40:19'),
(412, 53, '2025-03-30 14:40:27'),
(413, 53, '2025-03-30 14:41:25'),
(414, 51, '2025-03-30 14:41:54'),
(415, 51, '2025-03-30 14:42:04'),
(416, 51, '2025-03-30 14:42:27'),
(417, 51, '2025-03-30 14:42:32'),
(418, 51, '2025-03-30 14:43:20'),
(419, 51, '2025-03-30 14:43:30'),
(420, 49, '2025-03-30 14:44:41'),
(421, 49, '2025-03-30 14:45:28'),
(422, 49, '2025-03-30 14:48:34'),
(423, 49, '2025-03-30 14:48:42'),
(424, 49, '2025-03-30 14:49:00'),
(425, 49, '2025-03-30 14:50:52'),
(426, 49, '2025-03-30 14:53:34'),
(427, 49, '2025-03-30 14:53:45'),
(428, 49, '2025-03-30 14:53:48'),
(429, 49, '2025-03-30 14:55:58'),
(430, 49, '2025-03-30 14:56:02'),
(431, 49, '2025-03-30 14:56:45'),
(432, 49, '2025-03-30 14:57:06'),
(433, 49, '2025-03-30 14:59:33'),
(434, 73, '2025-03-30 15:03:26'),
(435, 73, '2025-03-30 15:03:30'),
(436, 73, '2025-03-30 15:03:33'),
(437, 69, '2025-03-30 15:31:40'),
(438, 67, '2025-03-30 15:32:29'),
(439, 73, '2025-03-30 15:34:23'),
(440, 73, '2025-03-30 15:35:29'),
(441, 73, '2025-03-30 15:47:44'),
(442, 73, '2025-03-30 23:24:52'),
(443, 73, '2025-03-30 23:25:15'),
(444, 73, '2025-03-30 23:25:23'),
(445, 73, '2025-03-30 23:31:29'),
(446, 79, '2025-03-30 23:34:12'),
(447, 77, '2025-03-30 23:50:21'),
(448, 77, '2025-03-30 23:51:20'),
(449, 75, '2025-03-31 00:00:44'),
(450, 75, '2025-03-31 00:02:14'),
(451, 75, '2025-03-31 00:02:20'),
(452, 75, '2025-03-31 00:02:23'),
(453, 75, '2025-03-31 00:02:25'),
(454, 75, '2025-03-31 00:02:26'),
(455, 75, '2025-03-31 00:02:27'),
(456, 75, '2025-03-31 00:02:30'),
(457, 75, '2025-03-31 00:02:33'),
(458, 75, '2025-03-31 02:28:09'),
(459, 75, '2025-03-31 02:28:12'),
(460, 69, '2025-03-31 02:32:01'),
(461, 69, '2025-03-31 02:33:02'),
(462, 69, '2025-03-31 02:33:13'),
(463, 68, '2025-03-31 02:46:34'),
(464, 68, '2025-03-31 02:48:45'),
(465, 68, '2025-03-31 12:57:02'),
(466, 68, '2025-03-31 12:57:13'),
(467, 68, '2025-03-31 12:57:39'),
(468, 68, '2025-03-31 12:57:52'),
(469, 68, '2025-03-31 12:58:14'),
(470, 68, '2025-03-31 13:01:28'),
(471, 66, '2025-03-31 13:02:54'),
(472, 66, '2025-03-31 13:03:36'),
(473, 66, '2025-03-31 13:10:20'),
(474, 66, '2025-03-31 13:10:21'),
(475, 66, '2025-03-31 13:11:05'),
(476, 66, '2025-03-31 13:12:55'),
(477, 66, '2025-03-31 13:15:03'),
(478, 64, '2025-03-31 13:33:48'),
(479, 64, '2025-03-31 13:40:52'),
(480, 51, '2025-03-31 21:37:37'),
(481, 51, '2025-03-31 21:37:40'),
(482, 76, '2025-03-31 21:40:22'),
(483, 76, '2025-03-31 21:44:49'),
(484, 76, '2025-03-31 21:44:57'),
(485, 76, '2025-03-31 21:59:28'),
(486, 76, '2025-03-31 21:59:54'),
(487, 76, '2025-03-31 22:00:24'),
(488, 76, '2025-03-31 22:12:43'),
(489, 76, '2025-03-31 22:12:47'),
(490, 76, '2025-03-31 22:17:29'),
(491, 76, '2025-03-31 22:17:31'),
(492, 76, '2025-03-31 22:22:37'),
(493, 76, '2025-03-31 22:22:54'),
(494, 76, '2025-04-01 02:14:43'),
(495, 74, '2025-04-01 02:43:09'),
(496, 74, '2025-04-01 02:43:34'),
(497, 74, '2025-04-01 02:43:49'),
(498, 74, '2025-04-01 02:46:27'),
(499, 74, '2025-04-01 03:05:27'),
(500, 74, '2025-04-01 11:04:06'),
(501, 74, '2025-04-01 11:04:09'),
(502, 74, '2025-04-01 11:04:10'),
(503, 74, '2025-04-01 11:04:11'),
(504, 74, '2025-04-01 11:05:35'),
(505, 72, '2025-04-01 11:08:42'),
(506, 29, '2025-04-01 11:24:26'),
(507, 29, '2025-04-01 11:24:28'),
(508, 29, '2025-04-01 11:24:44'),
(509, 29, '2025-04-01 11:29:39'),
(510, 29, '2025-04-01 11:33:10'),
(511, 29, '2025-04-01 11:33:10'),
(512, 29, '2025-04-01 11:58:50'),
(513, 29, '2025-04-01 11:58:53'),
(514, 29, '2025-04-01 11:59:00'),
(515, 83, '2025-04-03 02:39:53'),
(516, 83, '2025-04-03 02:40:00'),
(517, 83, '2025-04-03 02:41:11'),
(518, 83, '2025-04-03 22:44:18'),
(519, 83, '2025-04-03 22:44:33'),
(520, 83, '2025-04-03 22:44:42'),
(521, 83, '2025-04-03 22:44:50'),
(522, 83, '2025-04-03 22:45:49'),
(523, 83, '2025-04-03 23:04:51'),
(524, 83, '2025-04-03 23:04:57'),
(525, 83, '2025-04-03 23:07:59'),
(526, 83, '2025-04-03 23:08:18'),
(527, 83, '2025-04-03 23:10:38'),
(528, 83, '2025-04-03 23:10:42'),
(529, 83, '2025-04-03 23:37:21'),
(530, 83, '2025-04-03 23:37:23'),
(531, 83, '2025-04-03 23:37:53'),
(532, 83, '2025-04-03 23:37:55'),
(533, 83, '2025-04-03 23:37:56'),
(534, 300, '2025-04-04 16:18:16'),
(535, 495, '2025-04-05 00:15:07'),
(536, 520, '2025-04-06 02:24:07');

-- --------------------------------------------------------

--
-- Table structure for table `suppliers`
--

CREATE TABLE `suppliers` (
  `supplier_id` int(11) NOT NULL,
  `supplier_name` varchar(255) NOT NULL,
  `contact_name` varchar(255) DEFAULT NULL,
  `contact_email` varchar(255) DEFAULT NULL,
  `phone_number` varchar(50) DEFAULT NULL,
  `address` text DEFAULT NULL,
  `created_at` timestamp NOT NULL DEFAULT current_timestamp()
) ENGINE=InnoDB DEFAULT CHARSET=utf8mb4 COLLATE=utf8mb4_general_ci;

--
-- Dumping data for table `suppliers`
--

INSERT INTO `suppliers` (`supplier_id`, `supplier_name`, `contact_name`, `contact_email`, `phone_number`, `address`, `created_at`) VALUES
(1, 'TechGadgets Inc.', 'John Doe', 'john.doe@techgadgets.com', '+1-555-123-4567', '123 Tech Street, Silicon Valley, CA, USA', '2025-03-07 13:36:16'),
(2, 'HomeEssentials Ltd.', 'Jane Smith', 'jane.smith@homeessentials.com', '+44-20-7946-0958', '456 Home Lane, London, UK', '2025-03-07 13:36:16'),
(3, 'FashionTrends Co.', 'Alice Johnson', 'alice.johnson@fashiontrends.com', '+33-1-2345-6789', '789 Fashion Ave, Paris, France', '2025-03-07 13:36:16'),
(4, 'AutoParts Global', 'Bob Brown', 'bob.brown@autoparts.com', '+49-30-1234-5678', '321 Auto Road, Berlin, Germany', '2025-03-07 13:36:16'),
(5, 'HealthSupplies Corp.', 'Charlie Davis', 'charlie.davis@healthsupplies.com', '+61-2-9876-5432', '654 Health Blvd, Sydney, Australia', '2025-03-07 13:36:16');

-- --------------------------------------------------------

--
-- Table structure for table `users`
--

CREATE TABLE `users` (
  `user_id` int(11) NOT NULL,
  `user_name` varchar(100) NOT NULL,
  `email` varchar(255) NOT NULL,
  `password` varchar(255) NOT NULL,
  `role_id` int(11) NOT NULL,
  `phone_number` varchar(255) NOT NULL,
  `profile_image` varchar(255) NOT NULL
) ENGINE=InnoDB DEFAULT CHARSET=utf8mb4 COLLATE=utf8mb4_general_ci;

--
-- Dumping data for table `users`
--

INSERT INTO `users` (`user_id`, `user_name`, `email`, `password`, `role_id`, `phone_number`, `profile_image`) VALUES
(59, 'Chhea Chhouy', 'chhea.chhouy@student.passerellesnumeriques.org', '$2y$10$hKRBleqep5XEzW70kP1DXOutY8KVwJj4cmSIEbK7LnoQyEUACVYkm', 1, '0976313871', '/Views/assets/uploads/67e9dace21df2-67d9245315317-1.jpg');

-- --------------------------------------------------------

--
-- Table structure for table `weather`
--

CREATE TABLE `weather` (
  `id` int(11) NOT NULL,
  `date` date NOT NULL,
  `time` time NOT NULL,
  `location` varchar(255) NOT NULL,
  `temperature` float NOT NULL,
  `weather_condition` varchar(100) NOT NULL,
  `location_id` int(11) NOT NULL
) ENGINE=InnoDB DEFAULT CHARSET=utf8mb4 COLLATE=utf8mb4_general_ci;

--
-- Indexes for dumped tables
--

--
-- Indexes for table `categories`
--
ALTER TABLE `categories`
  ADD PRIMARY KEY (`category_id`),
  ADD KEY `parent_category_id` (`parent_category_id`);

--
-- Indexes for table `customeraddresses`
--
ALTER TABLE `customeraddresses`
  ADD PRIMARY KEY (`address_id`),
  ADD KEY `customer_id` (`customer_id`);

--
-- Indexes for table `customertransactions`
--
ALTER TABLE `customertransactions`
  ADD PRIMARY KEY (`transaction_id`),
  ADD KEY `customer_id` (`customer_id`);

--
-- Indexes for table `deliveries`
--
ALTER TABLE `deliveries`
  ADD PRIMARY KEY (`delivery_id`),
  ADD UNIQUE KEY `employee_id` (`employee_id`);

--
-- Indexes for table `employees`
--
ALTER TABLE `employees`
  ADD PRIMARY KEY (`employee_id`),
  ADD UNIQUE KEY `email` (`email`),
  ADD KEY `role_id` (`role_id`);

--
-- Indexes for table `inventory`
--
ALTER TABLE `inventory`
  ADD PRIMARY KEY (`inventory_id`),
  ADD KEY `product_id` (`product_id`);

--
-- Indexes for table `inventorysuppliers`
--
ALTER TABLE `inventorysuppliers`
  ADD PRIMARY KEY (`supplier_id`),
  ADD UNIQUE KEY `supplier_name` (`supplier_name`);

--
-- Indexes for table `inventorytransactions`
--
ALTER TABLE `inventorytransactions`
  ADD PRIMARY KEY (`transaction_id`),
  ADD KEY `inventory_id` (`inventory_id`);

--
-- Indexes for table `money_history`
--
ALTER TABLE `money_history`
  ADD PRIMARY KEY (`id`);

--
-- Indexes for table `notifications`
--
ALTER TABLE `notifications`
  ADD PRIMARY KEY (`id`),
  ADD KEY `date` (`date`);

--
-- Indexes for table `orders`
--
ALTER TABLE `orders`
  ADD PRIMARY KEY (`order_id`),
  ADD UNIQUE KEY `order_reference` (`order_reference`);

--
-- Indexes for table `order_items`
--
ALTER TABLE `order_items`
  ADD PRIMARY KEY (`order_item_id`),
  ADD KEY `product_id` (`product_id`),
  ADD KEY `order_items_ibfk_1` (`order_id`);

--
-- Indexes for table `payments`
--
ALTER TABLE `payments`
  ADD PRIMARY KEY (`payment_id`),
  ADD KEY `order_id` (`order_id`);

--
-- Indexes for table `products`
--
ALTER TABLE `products`
  ADD PRIMARY KEY (`product_id`),
  ADD UNIQUE KEY `barcode` (`barcode`),
  ADD KEY `category_id` (`category_id`),
  ADD KEY `supplier_id` (`supplier_id`);

--
-- Indexes for table `roles`
--
ALTER TABLE `roles`
  ADD PRIMARY KEY (`role_id`),
  ADD UNIQUE KEY `role_name` (`role_name`);

--
-- Indexes for table `stock_history`
--
ALTER TABLE `stock_history`
  ADD PRIMARY KEY (`id`);

--
-- Indexes for table `suppliers`
--
ALTER TABLE `suppliers`
  ADD PRIMARY KEY (`supplier_id`);

--
-- Indexes for table `users`
--
ALTER TABLE `users`
  ADD PRIMARY KEY (`user_id`),
  ADD UNIQUE KEY `email` (`email`),
  ADD KEY `role_id` (`role_id`);

--
-- Indexes for table `weather`
--
ALTER TABLE `weather`
  ADD PRIMARY KEY (`id`),
  ADD KEY `date` (`date`),
  ADD KEY `location_id` (`location_id`);

--
-- AUTO_INCREMENT for dumped tables
--

--
-- AUTO_INCREMENT for table `categories`
--
ALTER TABLE `categories`
  MODIFY `category_id` int(11) NOT NULL AUTO_INCREMENT, AUTO_INCREMENT=25;

--
-- AUTO_INCREMENT for table `customeraddresses`
--
ALTER TABLE `customeraddresses`
  MODIFY `address_id` int(11) NOT NULL AUTO_INCREMENT;

--
-- AUTO_INCREMENT for table `customertransactions`
--
ALTER TABLE `customertransactions`
  MODIFY `transaction_id` int(11) NOT NULL AUTO_INCREMENT;

--
-- AUTO_INCREMENT for table `deliveries`
--
ALTER TABLE `deliveries`
  MODIFY `delivery_id` int(11) NOT NULL AUTO_INCREMENT;

--
-- AUTO_INCREMENT for table `employees`
--
ALTER TABLE `employees`
  MODIFY `employee_id` int(11) NOT NULL AUTO_INCREMENT, AUTO_INCREMENT=4;

--
-- AUTO_INCREMENT for table `inventory`
--
ALTER TABLE `inventory`
  MODIFY `inventory_id` int(11) NOT NULL AUTO_INCREMENT;

--
-- AUTO_INCREMENT for table `inventorysuppliers`
--
ALTER TABLE `inventorysuppliers`
  MODIFY `supplier_id` int(11) NOT NULL AUTO_INCREMENT;

--
-- AUTO_INCREMENT for table `inventorytransactions`
--
ALTER TABLE `inventorytransactions`
  MODIFY `transaction_id` int(11) NOT NULL AUTO_INCREMENT;

--
-- AUTO_INCREMENT for table `money_history`
--
ALTER TABLE `money_history`
  MODIFY `id` int(11) NOT NULL AUTO_INCREMENT, AUTO_INCREMENT=942;

--
-- AUTO_INCREMENT for table `notifications`
--
ALTER TABLE `notifications`
  MODIFY `id` int(11) NOT NULL AUTO_INCREMENT;

--
-- AUTO_INCREMENT for table `orders`
--
ALTER TABLE `orders`
  MODIFY `order_id` int(11) NOT NULL AUTO_INCREMENT, AUTO_INCREMENT=121;

--
-- AUTO_INCREMENT for table `order_items`
--
ALTER TABLE `order_items`
  MODIFY `order_item_id` int(11) NOT NULL AUTO_INCREMENT, AUTO_INCREMENT=131;

--
-- AUTO_INCREMENT for table `payments`
--
ALTER TABLE `payments`
  MODIFY `payment_id` int(11) NOT NULL AUTO_INCREMENT;

--
-- AUTO_INCREMENT for table `products`
--
ALTER TABLE `products`
  MODIFY `product_id` int(11) NOT NULL AUTO_INCREMENT, AUTO_INCREMENT=137;

--
-- AUTO_INCREMENT for table `roles`
--
ALTER TABLE `roles`
  MODIFY `role_id` int(11) NOT NULL AUTO_INCREMENT, AUTO_INCREMENT=4;

--
-- AUTO_INCREMENT for table `stock_history`
--
ALTER TABLE `stock_history`
  MODIFY `id` int(11) NOT NULL AUTO_INCREMENT, AUTO_INCREMENT=537;

--
-- AUTO_INCREMENT for table `suppliers`
--
ALTER TABLE `suppliers`
  MODIFY `supplier_id` int(11) NOT NULL AUTO_INCREMENT, AUTO_INCREMENT=6;

--
-- AUTO_INCREMENT for table `users`
--
ALTER TABLE `users`
  MODIFY `user_id` int(11) NOT NULL AUTO_INCREMENT, AUTO_INCREMENT=60;

--
-- AUTO_INCREMENT for table `weather`
--
ALTER TABLE `weather`
  MODIFY `id` int(11) NOT NULL AUTO_INCREMENT, AUTO_INCREMENT=36;

--
-- Constraints for dumped tables
--

--
-- Constraints for table `categories`
--
ALTER TABLE `categories`
  ADD CONSTRAINT `categories_ibfk_1` FOREIGN KEY (`parent_category_id`) REFERENCES `categories` (`category_id`) ON DELETE SET NULL;
COMMIT;

/*!40101 SET CHARACTER_SET_CLIENT=@OLD_CHARACTER_SET_CLIENT */;
/*!40101 SET CHARACTER_SET_RESULTS=@OLD_CHARACTER_SET_RESULTS */;
/*!40101 SET COLLATION_CONNECTION=@OLD_COLLATION_CONNECTION */;
